Rk,Player,Pos,Age,Tm,G,MP,PER,TS%,3PAr,FTr,ORB%,DRB%,TRB%,AST%,STL%,BLK%,TOV%,USG%,,OWS,DWS,WS,WS/48,,OBPM,DBPM,BPM,VORP,Player-additional
1,Precious Achiuwa,C,22,TOR,73,1725,12.7,.503,.259,.217,8.7,21.7,14.9,6.9,1.1,2.3,11.3,18.5,,0.4,2.1,2.5,.070,,-2.0,-0.6,-2.6,-0.2,achiupr01
2,Steven Adams,C,28,MEM,76,1999,17.6,.560,.003,.518,17.9,22.0,19.9,16.1,1.6,2.7,19.6,12.0,,3.8,3.0,6.8,.163,,1.0,1.0,2.0,2.0,adamsst01
3,Bam Adebayo,C,24,MIA,56,1825,21.8,.608,.008,.466,8.7,26.1,17.5,17.5,2.2,2.6,14.4,25.0,,3.6,3.5,7.2,.188,,1.7,2.1,3.8,2.7,adebaba01
4,Santi Aldama,PF,21,MEM,32,360,10.2,.452,.364,.242,9.4,16.1,12.6,7.7,0.8,2.5,9.9,18.4,,-0.1,0.4,0.3,.044,,-4.2,-1.5,-5.7,-0.3,aldamsa01
5,LaMarcus Aldridge,C,36,BRK,47,1050,19.6,.604,.100,.223,7.8,18.7,13.4,6.3,0.6,4.0,8.0,22.4,,2.1,1.0,3.1,.141,,1.3,-0.6,0.7,0.7,aldrila01
6,Nickeil Alexander-Walker,SG,23,TOT,65,1466,10.5,.475,.497,.160,2.7,11.5,7.1,16.1,1.5,1.5,11.3,24.1,,-1.1,1.1,0.1,.003,,-1.8,-1.1,-2.9,-0.3,alexani01
7,Grayson Allen,SG,26,MIL,66,1805,12.7,.609,.684,.130,1.9,10.9,6.5,7.6,1.2,1.0,6.7,15.2,,2.8,1.4,4.2,.110,,0.6,-0.2,0.4,1.1,allengr01
8,Jarrett Allen,C,23,CLE,56,1810,23.0,.698,.018,.428,12.0,24.5,18.4,8.2,1.2,3.7,12.7,18.1,,5.4,3.0,8.5,.224,,2.7,1.2,3.9,2.7,allenja01
9,Jose Alvarado,PG,23,NOP,54,834,16.4,.520,.374,.180,3.2,10.2,6.6,26.9,4.2,0.8,11.2,18.4,,1.0,1.1,2.1,.121,,-0.5,2.4,1.9,0.8,alvarjo01
10,Justin Anderson,SF,28,TOT,16,316,10.4,.493,.621,.200,1.4,15.0,8.1,14.2,1.2,1.7,7.2,15.1,,0.2,0.2,0.4,.054,,-1.9,-1.3,-3.2,-0.1,anderju01
11,Kyle Anderson,PF,28,MEM,69,1484,14.4,.506,.232,.224,4.8,21.6,13.0,16.2,2.5,2.7,12.1,16.2,,1.0,2.5,3.5,.113,,-0.9,2.1,1.2,1.2,anderky01
12,Giannis Antetokounmpo,PF,27,MIL,67,2204,32.1,.633,.194,.615,6.6,30.4,18.7,31.7,1.6,4.0,12.2,34.9,,9.2,3.7,12.9,.281,,7.6,3.5,11.2,7.4,antetgi01
13,Thanasis Antetokounmpo,SF,29,MIL,48,473,12.5,.577,.109,.359,9.2,13.4,11.3,6.5,1.6,2.4,14.9,15.7,,0.4,0.5,0.9,.095,,-3.5,-0.1,-3.5,-0.2,antetth01
14,Carmelo Anthony,PF,37,LAL,69,1793,14.8,.579,.549,.220,3.7,13.5,8.6,5.6,1.3,2.6,6.9,20.4,,2.2,1.4,3.6,.097,,0.4,-0.8,-0.5,0.7,anthoca01
15,Cole Anthony,PG,21,ORL,65,2059,13.5,.519,.429,.277,1.6,16.2,8.9,28.9,1.1,0.8,14.2,25.1,,-0.1,1.7,1.6,.038,,-0.6,-0.6,-1.2,0.4,anthoco01
16,OG Anunoby,SF,24,TOR,48,1728,14.8,.549,.455,.169,4.4,12.6,8.3,11.0,2.1,1.4,9.7,20.5,,1.8,1.9,3.7,.104,,0.4,0.1,0.5,1.1,anunoog01
17,Ryan Arcidiacono,PG,27,NYK,10,76,6.1,.667,.750,.000,0.0,11.5,5.7,7.5,0.7,0.0,20.0,8.6,,0.0,0.1,0.1,.052,,-4.6,0.0,-4.6,-0.1,arcidry01
18,Trevor Ariza,SF,36,LAL,24,462,7.0,.449,.747,.182,2.3,16.7,9.5,7.5,1.3,1.2,9.3,11.0,,-0.2,0.4,0.2,.020,,-3.3,-0.2,-3.4,-0.2,arizatr01
19,D.J. Augustin,PG,34,TOT,55,883,9.7,.610,.739,.194,1.4,7.0,4.2,16.8,0.9,0.1,18.9,14.3,,0.7,0.1,0.8,.043,,-1.2,-2.4,-3.6,-0.4,augusdj01
20,Deni Avdija,SF,21,WAS,82,1984,11.6,.536,.447,.235,3.0,20.5,11.9,11.8,1.5,1.9,12.0,16.3,,0.6,1.8,2.4,.058,,-2.1,0.4,-1.7,0.1,avdijde01
21,Joel Ayayi,SG,21,WAS,7,20,3.4,.167,.167,.000,5.6,10.9,8.3,25.4,0.0,0.0,0.0,13.3,,0.0,0.0,0.0,-0.098,,-4.3,-1.7,-6.0,0.0,ayayijo01
22,Deandre Ayton,C,23,PHO,58,1713,21.9,.656,.027,.204,9.6,27.1,18.6,7.6,1.1,2.1,10.7,21.4,,4.1,3.1,7.3,.203,,2.2,0.6,2.8,2.1,aytonde01
23,Udoka Azubuike,C,22,UTA,17,195,17.6,.743,.000,.224,10.5,28.8,19.9,0.0,0.3,5.0,18.2,14.7,,0.3,0.3,0.6,.157,,-1.8,0.4,-1.4,0.0,azubuud01
24,Marvin Bagley III,PF,22,TOT,48,1153,15.7,.551,.217,.226,9.7,22.6,16.0,5.2,0.9,1.4,7.4,19.8,,1.2,0.9,2.0,.084,,-0.5,-1.8,-2.3,-0.1,baglema01
25,LaMelo Ball,PG,20,CHO,75,2422,19.7,.554,.451,.194,4.7,17.4,11.0,35.7,2.4,1.2,15.3,28.2,,3.4,2.5,5.8,.116,,3.3,0.1,3.4,3.3,ballla01
26,Lonzo Ball,PG,24,CHI,35,1212,14.5,.575,.679,.073,3.3,14.3,8.8,20.0,2.6,2.2,17.2,17.4,,0.8,1.4,2.2,.088,,0.9,1.6,2.5,1.4,balllo01
27,Mo Bamba,C,23,ORL,71,1824,16.5,.582,.455,.118,8.5,24.6,16.5,7.4,1.0,5.9,10.6,17.2,,1.8,2.7,4.5,.118,,-0.2,0.9,0.7,1.2,bambamo01
28,Desmond Bane,SG,23,MEM,76,2266,17.6,.592,.475,.141,2.1,13.6,7.7,13.5,1.9,1.1,8.7,23.1,,4.5,2.7,7.2,.153,,2.5,0.3,2.7,2.7,banede01
29,Dalano Banton,PG,22,TOR,64,696,10.0,.463,.252,.218,5.6,14.1,9.7,19.8,2.0,1.4,19.3,16.9,,-0.4,0.8,0.4,.030,,-3.5,0.4,-3.1,-0.2,bantoda01
30,Cat Barber,PG,27,ATL,3,13,-11.2,.000,.000,1.000,8.5,16.7,12.6,26.7,0.0,0.0,14.8,22.7,,-0.1,0.0,-0.1,-0.450,,-15.8,-7.6,-23.5,-0.1,barbeca01
31,Harrison Barnes,PF,29,SAC,77,2580,15.7,.623,.432,.495,3.4,14.9,9.1,10.5,1.0,0.5,10.4,18.8,,5.0,1.0,6.0,.112,,1.5,-1.3,0.2,1.4,barneha02
32,Scottie Barnes,PF,20,TOR,74,2617,16.3,.552,.207,.231,7.7,15.8,11.5,14.7,1.5,2.1,11.7,19.0,,3.7,2.9,6.6,.122,,0.5,0.4,0.9,1.9,barnesc01
33,RJ Barrett,SF,21,NYK,70,2417,13.7,.511,.338,.340,2.9,15.5,9.1,14.9,0.9,0.7,9.9,27.6,,0.1,2.2,2.3,.046,,-0.3,-1.3,-1.6,0.2,barrerj01
34,Will Barton,SG,31,DEN,71,2277,13.4,.548,.480,.142,2.2,14.1,8.3,17.6,1.2,1.2,11.8,20.8,,1.2,1.9,3.2,.067,,0.4,-0.9,-0.5,0.9,bartowi01
35,Paris Bass,SF,26,PHO,2,7,13.9,.436,.333,.333,31.5,29.9,30.6,0.0,6.9,0.0,22.5,54.6,,0.0,0.0,0.0,-0.170,,-11.2,-1.2,-12.4,0.0,basspa01
36,Charles Bassey,C,21,PHI,23,168,21.5,.660,.085,.255,14.9,26.1,20.6,6.5,1.5,9.1,13.3,16.1,,0.4,0.3,0.8,.220,,-0.4,2.1,1.7,0.2,bassech01
37,Keita Bates-Diop,SF,26,SAS,59,957,12.4,.578,.209,.232,6.8,18.7,12.7,5.7,1.4,1.2,13.4,14.8,,0.6,1.0,1.6,.080,,-2.1,-0.5,-2.6,-0.1,bateske01
38,Nicolas Batum,PF,33,LAC,59,1463,13.5,.608,.698,.098,2.2,15.8,9.2,9.7,1.9,2.4,9.0,13.3,,1.6,2.1,3.7,.123,,0.5,1.9,2.3,1.6,batumni01
39,Kent Bazemore,SF,32,LAL,39,545,6.0,.451,.576,.122,2.6,11.0,6.8,8.1,2.2,1.5,12.5,13.2,,-0.4,0.5,0.1,.006,,-5.1,0.8,-4.3,-0.3,bazemke01
40,Darius Bazley,PF,21,OKC,69,1924,12.6,.515,.414,.262,3.7,19.8,11.6,7.7,1.5,3.4,11.1,18.3,,-0.5,2.2,1.8,.044,,-2.1,0.3,-1.8,0.1,bazleda01
41,Bradley Beal,SG,28,WAS,40,1439,17.5,.539,.272,.263,3.0,11.4,7.3,30.8,1.2,0.9,13.6,30.8,,0.6,0.7,1.4,.046,,2.0,-1.2,0.8,1.0,bealbr01
42,Malik Beasley,SG,25,MIN,79,1976,11.9,.544,.749,.071,1.4,11.2,6.2,8.5,1.0,0.6,4.7,19.4,,1.7,1.2,2.9,.069,,0.7,-1.5,-0.7,0.7,beaslma01
43,Jordan Bell,C,27,CHI,1,2,29.9,,,,56.6,0.0,28.1,0.0,24.4,0.0,,0.0,,0.0,0.0,0.0,.600,,-8.1,10.8,2.7,0.0,belljo01
44,DeAndre' Bembry,SF,27,TOT,56,1026,11.9,.601,.163,.158,4.6,12.5,8.6,8.6,2.3,2.2,11.6,11.2,,1.1,1.1,2.2,.104,,-2.2,1.5,-0.7,0.3,bembrde01
45,Dāvis Bertāns,PF,29,TOT,56,806,9.4,.531,.836,.145,1.7,14.3,8.0,5.5,1.0,1.3,6.1,17.3,,0.2,0.7,0.9,.053,,-1.7,-0.9,-2.6,-0.1,bertada01
46,Patrick Beverley,PG,33,MIN,58,1476,14.8,.539,.555,.305,4.4,13.2,8.7,24.5,2.2,3.4,12.9,16.1,,2.3,1.7,4.1,.132,,0.6,2.1,2.7,1.7,beverpa01
47,Saddiq Bey,SF,22,DET,82,2704,14.0,.529,.537,.224,4.1,14.1,8.8,13.8,1.3,0.5,7.1,21.3,,2.4,1.6,4.0,.071,,0.9,-1.2,-0.3,1.2,beysa01
48,Khem Birch,C,29,TOR,55,991,13.2,.534,.070,.355,12.7,13.5,13.1,7.6,1.5,2.6,11.1,11.2,,1.5,1.1,2.6,.126,,-1.7,0.4,-1.3,0.2,birchkh01
49,Goga Bitadze,C,22,IND,50,729,18.0,.595,.317,.373,11.9,15.3,13.5,11.2,1.4,5.0,13.6,19.9,,1.3,0.6,1.9,.122,,-0.2,-0.6,-0.8,0.2,bitadgo01
50,Bismack Biyombo,C,29,PHO,36,506,17.3,.596,.000,.490,13.7,21.5,17.7,6.2,1.1,4.6,12.4,17.1,,0.9,0.9,1.8,.170,,-1.7,0.4,-1.3,0.1,biyombi01
51,Nemanja Bjelica,C,33,GSW,71,1143,14.2,.573,.436,.237,6.1,21.5,14.1,19.8,1.8,2.2,18.7,17.8,,1.0,2.1,3.0,.128,,-0.9,2.3,1.4,1.0,bjeline01
52,Eric Bledsoe,PG,32,LAC,54,1361,12.5,.514,.348,.250,2.2,11.6,7.1,24.1,2.5,1.2,18.3,20.5,,-0.5,1.8,1.3,.047,,-2.1,1.3,-0.8,0.4,bledser01
53,Keljin Blevins,SF,26,POR,31,349,4.8,.410,.649,.099,4.9,9.5,7.1,7.7,1.8,0.3,12.8,16.5,,-0.6,0.1,-0.5,-0.066,,-5.6,-2.9,-8.5,-0.6,blevike01
54,Bogdan Bogdanović,SG,29,ATL,63,1848,15.4,.562,.578,.145,1.7,13.0,7.4,15.5,1.8,0.7,7.7,21.6,,2.5,1.2,3.7,.095,,1.5,-0.2,1.3,1.5,bogdabo01
55,Bojan Bogdanović,PF,32,UTA,69,2131,15.7,.599,.504,.280,3.1,11.8,7.6,8.7,0.8,0.0,10.2,23.7,,3.6,1.6,5.2,.118,,1.6,-1.6,0.0,1.1,bogdabo02
56,Bol Bol,PF,22,DEN,14,81,13.5,.565,.148,.185,5.7,21.4,13.8,9.1,0.6,2.2,12.0,18.0,,0.0,0.1,0.1,.065,,-0.5,-0.4,-1.0,0.0,bolbo01
57,Leandro Bolmaro,SF,21,MIN,35,241,5.4,.419,.333,.241,6.9,12.3,9.6,11.0,1.2,0.0,17.9,12.6,,-0.1,0.2,0.0,.004,,-5.1,-0.7,-5.8,-0.2,bolmale01
58,Isaac Bonga,SF,22,TOR,15,69,8.7,.363,.308,.615,6.0,5.0,5.5,7.3,5.8,2.8,10.8,11.5,,-0.1,0.1,0.1,.060,,-5.4,5.0,-0.4,0.0,bongais01
59,Devin Booker,SG,25,PHO,68,2345,21.3,.576,.336,.255,2.1,13.2,7.8,22.4,1.6,1.0,9.3,32.0,,4.3,3.3,7.6,.156,,3.9,0.2,4.1,3.6,bookede01
60,Brandon Boston Jr.,SG,20,LAC,51,760,11.2,.481,.342,.222,2.4,12.7,7.7,10.1,1.7,1.5,8.0,22.4,,-0.5,0.9,0.4,.026,,-3.0,-0.4,-3.3,-0.3,bostobr01
61,Chris Boucher,SF,29,TOR,80,1690,17.9,.570,.397,.334,10.9,21.3,15.8,2.2,1.4,4.3,6.0,17.8,,3.5,2.4,6.0,.169,,0.5,-0.4,0.1,0.9,bouchch01
62,James Bouknight,SG,21,CHO,31,304,10.1,.459,.348,.220,7.6,10.6,9.1,11.9,1.1,0.3,8.8,23.7,,-0.1,0.1,0.0,.001,,-3.4,-3.7,-7.1,-0.4,bouknja01
63,Avery Bradley,SG,31,LAL,62,1406,7.8,.550,.600,.051,2.4,8.0,5.2,4.5,1.8,0.6,9.6,12.1,,0.3,0.9,1.2,.040,,-3.5,-0.1,-3.6,-0.6,bradlav01
64,Tony Bradley,C,24,CHI,55,549,14.9,.600,.000,.236,13.8,24.3,19.1,6.7,0.9,5.2,20.0,13.6,,0.6,0.7,1.3,.112,,-2.0,0.2,-1.8,0.0,bradlto01
65,Ignas Brazdeikis,SF,23,ORL,42,536,10.2,.520,.463,.170,4.5,9.7,7.1,10.7,0.9,0.5,7.8,17.7,,0.2,0.3,0.5,.041,,-2.7,-1.6,-4.3,-0.3,brazdig01
66,Mikal Bridges,SF,25,PHO,82,2854,14.4,.627,.364,.183,2.9,10.0,6.5,8.7,1.6,1.1,6.8,15.0,,5.2,3.7,8.9,.150,,0.5,1.1,1.6,2.6,bridgmi01
67,Miles Bridges,PF,23,CHO,80,2837,17.9,.593,.383,.274,3.3,17.8,10.4,15.7,1.3,2.2,9.9,22.6,,5.0,2.3,7.2,.123,,1.8,-0.3,1.5,2.5,bridgmi02
68,Oshae Brissett,SF,23,IND,67,1564,12.9,.530,.468,.324,7.6,18.1,12.8,6.4,1.4,1.6,8.5,17.3,,1.4,0.9,2.2,.069,,-0.5,-1.7,-2.2,-0.1,brissos01
69,Malcolm Brogdon,PG,29,IND,36,1206,18.0,.557,.343,.308,3.0,14.3,8.6,26.9,1.2,1.0,11.1,24.6,,2.2,0.4,2.7,.106,,2.8,-0.5,2.3,1.3,brogdma01
70,Armoni Brooks,SG-PG,23,TOT,54,844,8.4,.483,.862,.073,2.5,10.9,6.7,10.4,1.6,1.2,8.3,16.4,,-0.1,0.4,0.2,.014,,-2.6,-1.3,-3.9,-0.4,brookar01
71,Dillon Brooks,SF,26,MEM,32,885,15.5,.515,.283,.202,3.4,8.8,6.0,15.4,1.9,0.8,8.0,28.8,,0.7,0.9,1.6,.087,,-1.0,-0.8,-1.8,0.0,brookdi01
72,Bruce Brown,SF,25,BRK,72,1774,15.0,.575,.186,.253,6.3,14.7,10.6,11.5,2.1,2.6,9.1,15.0,,2.8,2.0,4.8,.130,,-0.4,1.1,0.7,1.2,brownbr01
73,Charlie Brown Jr.,SG,24,TOT,22,178,6.5,.346,.308,.256,9.0,11.2,10.1,4.5,2.8,2.0,10.3,12.3,,-0.2,0.2,0.0,.012,,-5.2,0.4,-4.8,-0.1,brownch02
74,Chaundee Brown Jr.,SG-SF,23,TOT,5,104,6.4,.447,.563,.188,1.1,15.7,8.4,5.1,0.9,0.0,2.8,14.9,,0.0,0.0,0.0,.002,,-4.3,-2.4,-6.6,-0.1,brownch05
75,Greg Brown III,SF,20,POR,48,640,11.0,.515,.321,.342,6.3,17.3,11.6,8.1,2.0,3.7,14.1,17.2,,-0.1,0.5,0.4,.029,,-4.0,-0.7,-4.7,-0.4,browngr01
76,Jaylen Brown,SF,25,BOS,66,2220,18.9,.574,.381,.261,2.6,16.7,9.8,17.9,1.6,0.7,11.6,30.5,,2.3,3.4,5.8,.124,,1.9,0.1,2.1,2.2,brownja02
77,Moses Brown,C,22,TOT,40,344,18.5,.612,.000,.667,12.7,30.5,21.7,0.4,1.0,4.2,12.5,20.7,,0.5,0.7,1.2,.161,,-2.4,-0.9,-3.3,-0.1,brownmo01
78,Sterling Brown,SG,26,DAL,49,628,8.4,.495,.594,.097,4.6,21.8,13.2,7.5,1.1,1.0,12.5,13.2,,-0.1,0.9,0.8,.061,,-3.4,0.5,-2.9,-0.1,brownst02
79,Troy Brown Jr.,SF,22,CHI,66,1055,10.1,.525,.516,.101,4.2,17.4,10.8,8.2,1.7,0.4,8.8,12.3,,0.5,0.9,1.4,.065,,-1.7,-0.2,-1.8,0.1,browntr01
80,Jalen Brunson,SG,25,DAL,79,2524,17.1,.583,.250,.211,1.9,11.7,6.8,24.3,1.3,0.1,10.1,21.9,,4.9,2.7,7.5,.143,,0.9,0.0,0.9,1.9,brunsja01
81,Thomas Bryant,C,24,WAS,27,439,16.6,.607,.284,.270,6.7,20.4,13.6,7.9,0.7,4.1,10.3,18.7,,0.7,0.4,1.1,.118,,-0.4,-0.7,-1.0,0.1,bryanth01
82,Shaq Buchanan,SG,25,MEM,2,10,0.6,.250,.500,.000,10.2,10.7,10.5,24.9,4.8,0.0,33.3,24.6,,-0.1,0.0,0.0,-0.230,,-11.0,0.3,-10.7,0.0,buchash01
83,Reggie Bullock,SF,30,DAL,68,1902,9.2,.558,.782,.096,1.9,12.2,7.0,6.1,1.1,0.7,7.1,13.3,,1.2,2.0,3.2,.080,,-1.4,0.0,-1.4,0.3,bullore01
84,Trey Burke,PG,29,DAL,42,441,10.0,.475,.381,.107,1.0,7.3,4.2,20.7,1.4,0.0,10.4,25.6,,-0.4,0.4,0.0,.003,,-3.6,-1.4,-5.0,-0.3,burketr01
85,Alec Burks,SG,30,NYK,81,2318,13.7,.559,.534,.363,2.1,16.6,9.2,15.7,1.8,1.1,9.7,17.7,,3.2,2.9,6.1,.126,,-0.4,1.2,0.8,1.7,burksal01
86,Jared Butler,SG,21,UTA,42,360,12.1,.509,.583,.106,1.6,11.8,6.8,26.0,2.3,2.0,17.3,23.1,,0.0,0.5,0.4,.057,,-2.3,0.7,-1.6,0.0,butleja02
87,Jimmy Butler,SF,32,MIA,57,1931,23.6,.592,.140,.549,6.1,13.5,9.9,26.4,2.4,1.5,10.5,26.5,,6.2,2.9,9.2,.228,,4.5,1.9,6.3,4.0,butleji01
88,Devontae Cacok,PF,25,SAS,15,121,20.2,.675,.000,.226,6.9,29.7,18.2,6.9,3.2,4.9,8.1,12.9,,0.3,0.3,0.5,.206,,0.7,3.5,4.2,0.2,cacokde01
89,Kentavious Caldwell-Pope,SG,28,WAS,77,2329,12.6,.568,.492,.186,2.0,10.3,6.2,9.1,1.8,0.9,9.8,19.0,,1.4,1.4,2.8,.058,,-0.9,-0.6,-1.5,0.3,caldwke01
90,Facundo Campazzo,PG,30,DEN,65,1184,11.1,.503,.652,.264,2.2,8.6,5.5,24.1,2.6,1.8,16.9,14.7,,0.6,1.3,2.0,.081,,-2.1,1.3,-0.8,0.4,campafa01
91,Vlatko Čančar,PF,24,DEN,15,176,12.7,.657,.293,.341,5.2,14.1,9.8,13.2,0.6,1.5,16.0,14.0,,0.3,0.1,0.4,.114,,-0.9,-0.9,-1.7,0.0,cancavl01
92,Devin Cannady,PG,25,ORL,5,145,8.6,.531,.841,.159,0.7,3.7,2.2,10.0,1.7,1.9,9.6,15.5,,0.0,0.1,0.1,.033,,-2.8,-0.4,-3.2,0.0,cannade01
93,Clint Capela,C,27,ATL,74,2042,21.4,.604,.002,.280,15.0,31.9,23.5,6.6,1.3,4.1,6.1,15.5,,5.6,2.7,8.3,.195,,2.1,-0.1,2.0,2.1,capelca01
94,Vernon Carey Jr.,C,20,TOT,7,44,15.8,.534,.000,1.000,19.9,9.8,14.8,0.0,2.2,1.9,13.8,21.6,,0.0,0.0,0.1,.068,,-3.0,-4.5,-7.5,-0.1,careyve01
95,Jevon Carter,PG,26,TOT,66,905,9.6,.531,.672,.071,1.7,11.2,6.6,14.0,1.3,1.4,11.5,14.0,,0.5,0.7,1.2,.062,,-1.8,-0.4,-2.2,-0.1,carteje01
96,Wendell Carter Jr.,PF,22,ORL,62,1852,18.4,.601,.313,.303,7.9,29.1,18.5,15.4,0.9,2.1,13.1,20.9,,2.6,2.4,5.0,.129,,1.0,0.6,1.6,1.7,cartewe01
97,Alex Caruso,SG,27,CHI,41,1147,11.7,.528,.492,.285,3.3,11.2,7.3,18.5,3.0,1.1,16.5,13.3,,0.7,1.2,2.0,.082,,-2.2,2.3,0.2,0.6,carusal01
98,Willie Cauley-Stein,C,28,TOT,20,183,8.3,.474,.057,.057,7.9,16.4,12.2,7.5,1.7,1.5,16.3,10.6,,0.0,0.3,0.2,.066,,-4.1,1.1,-3.0,0.0,caulewi01
99,Ahmad Caver,SG,25,IND,1,1,76.2,1.000,.000,.000,0.0,0.0,0.0,0.0,0.0,0.0,0.0,42.8,,0.0,0.0,0.0,1.204,,31.0,5.9,36.9,0.0,caverah01
100,Justin Champagnie,SF,20,TOR,36,281,13.6,.571,.418,.134,13.5,14.3,13.9,5.4,1.4,1.4,10.1,12.0,,0.5,0.3,0.8,.138,,-1.3,-0.7,-2.0,0.0,champju01
101,Zylan Cheatham,SF,26,UTA,1,5,-23.8,.000,.667,.000,0.0,0.0,0.0,0.0,0.0,0.0,0.0,26.1,,-0.1,0.0,-0.1,-0.610,,-19.3,-11.3,-30.6,0.0,cheatzy01
102,Chris Chiozza,PG,26,GSW,34,372,4.4,.407,.654,.037,2.7,7.7,5.3,22.5,1.7,0.0,28.0,13.4,,-0.5,0.5,0.0,-0.004,,-5.7,-0.2,-6.0,-0.4,chiozch01
103,Marquese Chriss,PF,24,DAL,34,346,14.8,.518,.187,.246,10.6,22.5,16.5,7.7,1.9,3.1,10.3,21.5,,0.2,0.6,0.8,.108,,-3.8,0.0,-3.8,-0.2,chrisma01
104,Josh Christopher,SG,20,HOU,74,1334,12.2,.534,.378,.226,4.3,11.1,7.7,17.3,2.3,0.9,17.2,21.1,,-0.4,0.7,0.3,.010,,-2.2,-1.3,-3.5,-0.5,chrisjo01
105,Gary Clark,PF,27,NOP,38,378,11.4,.547,.795,.114,6.6,20.1,13.2,6.4,1.7,1.8,9.8,11.6,,0.3,0.4,0.7,.092,,0.1,0.0,0.1,0.2,clarkga01
106,Brandon Clarke,PF,25,MEM,64,1246,23.7,.660,.049,.291,11.1,17.8,14.4,10.3,1.5,4.9,6.3,17.7,,4.4,1.9,6.3,.241,,3.1,1.1,4.2,2.0,clarkbr01
107,Jordan Clarkson,SG,29,UTA,79,2141,14.9,.532,.536,.156,3.5,10.2,7.0,14.5,1.5,0.7,9.8,26.8,,1.5,2.0,3.5,.079,,0.5,-1.2,-0.6,0.7,clarkjo01
108,Nic Claxton,C,22,BRK,47,974,18.6,.672,.000,.352,10.4,18.9,14.8,6.4,1.2,4.7,11.1,15.1,,2.3,1.2,3.5,.171,,0.3,0.2,0.5,0.6,claxtni01
109,Amir Coffey,SG,24,LAC,69,1567,13.0,.598,.545,.251,1.8,11.2,6.7,11.4,1.2,0.8,8.0,15.8,,2.3,1.5,3.8,.116,,-0.3,0.0,-0.3,0.7,coffeam01
110,John Collins,PF,24,ATL,54,1663,18.7,.610,.273,.262,6.2,21.5,13.9,8.9,1.0,3.0,7.7,20.5,,3.6,1.4,5.1,.146,,1.5,0.0,1.5,1.5,collijo01
111,Zach Collins,C,24,SAS,28,502,16.4,.594,.265,.419,9.5,22.5,16.0,16.3,1.2,3.8,19.7,19.2,,0.6,0.7,1.2,.118,,-1.2,1.0,-0.2,0.2,colliza01
112,Darren Collison,PG,34,LAL,3,37,-0.2,.286,.429,.000,0.0,11.6,5.8,6.8,1.3,0.0,12.5,9.3,,-0.1,0.0,-0.1,-0.070,,-10.0,-0.9,-10.9,-0.1,collida01
113,Mike Conley,PG,34,UTA,72,2058,17.2,.572,.523,.205,2.6,8.8,5.8,27.7,2.3,0.9,12.5,20.9,,4.4,2.3,6.7,.157,,2.4,0.7,3.1,2.7,conlemi01
114,Pat Connaughton,SF,29,MIL,65,1691,13.4,.620,.746,.109,2.9,14.0,8.6,6.6,1.7,0.9,6.3,14.0,,2.8,1.6,4.4,.125,,0.8,0.3,1.2,1.4,connapa01
115,Tyler Cook,PF,24,CHI,20,200,13.0,.643,.000,.842,9.1,20.7,14.9,2.0,1.0,1.7,11.8,13.0,,0.4,0.2,0.5,.127,,-3.0,-1.1,-4.1,-0.1,cookty01
116,Sharife Cooper,PG,20,ATL,13,39,-5.4,.250,.429,.000,0.0,14.0,7.0,16.3,0.0,0.0,26.3,21.3,,-0.2,0.0,-0.2,-0.297,,-11.3,-5.0,-16.3,-0.1,coopesh01
117,Petr Cornelie,PF,26,DEN,13,38,9.6,.418,.533,.267,21.3,19.9,20.6,10.8,1.3,2.4,19.3,24.0,,-0.1,0.0,0.0,-0.015,,-6.1,-2.7,-8.8,-0.1,cornepe01
118,DeMarcus Cousins,C,31,TOT,48,717,18.2,.567,.377,.386,11.7,29.1,20.6,15.2,2.4,2.7,18.3,28.1,,0.3,1.3,1.6,.104,,-1.8,0.2,-1.6,0.1,couside01
119,Robert Covington,PF,31,TOT,71,1939,12.4,.572,.681,.139,3.3,18.9,11.0,6.8,2.6,4.4,12.4,13.5,,0.8,2.4,3.2,.080,,-1.6,1.7,0.2,1.1,covinro01
120,Torrey Craig,SF,31,TOT,78,1596,11.0,.556,.531,.118,5.9,15.4,10.7,7.6,1.4,2.0,12.6,14.3,,0.9,1.4,2.3,.070,,-1.7,-0.1,-1.8,0.1,craigto01
121,Jae Crowder,PF,31,PHO,67,1886,11.3,.541,.671,.165,1.8,18.0,10.1,8.3,2.4,1.4,8.6,14.6,,0.9,3.4,4.3,.110,,-1.3,2.4,1.1,1.5,crowdja01
122,Jarrett Culver,SG,22,MEM,37,338,8.7,.433,.348,.252,3.9,11.1,7.4,13.0,2.8,1.3,11.8,20.6,,-0.4,0.5,0.1,.012,,-5.7,0.3,-5.4,-0.3,culveja01
123,Jarron Cumberland,SG,24,POR,3,12,8.4,.500,.500,.000,8.8,19.0,13.7,11.6,0.0,0.0,0.0,7.2,,0.0,0.0,0.0,.079,,-4.4,-2.2,-6.6,0.0,cumbeja01
124,Cade Cunningham,SG,20,DET,64,2088,13.1,.504,.352,.163,2.9,16.2,9.2,29.1,1.8,1.9,17.5,27.5,,-2.4,1.9,-0.5,-0.011,,-1.1,-0.5,-1.6,0.2,cunnica01
125,Seth Curry,SG,31,TOT,64,2134,13.7,.615,.506,.127,1.1,9.1,5.2,16.3,1.2,0.6,12.3,18.5,,2.7,1.5,4.2,.095,,0.3,-0.9,-0.6,0.8,curryse01
126,Stephen Curry,PG,33,GSW,64,2211,21.4,.601,.613,.243,1.7,14.4,8.3,30.4,1.9,1.0,13.2,30.8,,4.6,3.4,8.0,.173,,5.4,0.4,5.8,4.4,curryst01
127,Anthony Davis,C,28,LAL,40,1404,23.9,.578,.101,.351,8.1,22.0,15.1,14.7,1.7,5.7,9.3,27.1,,2.6,2.0,4.5,.155,,2.6,1.2,3.8,2.0,davisan02
128,Ed Davis,C,32,CLE,31,201,9.3,.632,.000,.875,7.9,26.9,17.6,4.5,0.7,4.0,18.4,6.0,,0.2,0.3,0.5,.126,,-4.2,2.5,-1.8,0.0,davised01
129,Terence Davis,SG,24,SAC,30,536,14.6,.543,.558,.165,2.2,17.0,9.5,11.9,2.2,1.8,10.3,25.6,,0.0,0.5,0.5,.044,,-0.6,-0.4,-0.9,0.2,daviste02
130,Gabriel Deck,PF,26,OKC,7,56,11.5,.643,.286,.000,1.8,9.3,5.5,13.7,0.9,0.0,12.5,12.3,,0.1,0.0,0.1,.080,,-1.2,-1.3,-2.5,0.0,deckga01
131,Dewayne Dedmon,C,32,MIA,67,1065,15.9,.632,.162,.345,11.4,29.4,20.6,6.7,1.1,4.2,17.3,16.9,,1.5,2.0,3.5,.157,,-2.2,1.1,-1.0,0.3,dedmode01
132,Sam Dekker,PF,27,TOR,1,1,0.0,,,,0.0,0.0,0.0,0.0,0.0,0.0,,0.0,,0.0,0.0,0.0,.003,,-6.2,-3.4,-9.6,0.0,dekkesa01
133,Javin DeLaurier,C,23,MIL,1,3,15.6,,,,0.0,34.6,17.7,0.0,16.0,0.0,,0.0,,0.0,0.0,0.0,.260,,-4.8,11.8,7.0,0.0,delauja01
134,DeMar DeRozan,PF,32,CHI,76,2743,23.1,.590,.093,.386,2.3,13.7,8.0,23.3,1.2,0.8,9.2,31.8,,7.0,1.8,8.8,.154,,3.4,-0.9,2.5,3.1,derozde01
135,Mamadi Diakite,PF,25,OKC,13,188,11.6,.540,.106,.234,9.2,23.3,16.1,1.6,1.3,4.5,11.9,13.5,,0.1,0.3,0.3,.080,,-5.9,0.9,-5.0,-0.1,diakima01
136,Cheick Diallo,C,25,DET,3,31,12.3,.517,.000,.750,13.3,29.4,20.9,0.0,1.6,0.0,8.6,16.1,,0.0,0.0,0.1,.108,,-4.2,-3.3,-7.5,0.0,diallch01
137,Hamidou Diallo,SG,23,DET,58,1269,15.7,.541,.177,.266,5.6,18.7,11.8,9.8,2.7,1.2,9.0,21.8,,0.6,1.5,2.1,.079,,-1.2,0.7,-0.5,0.5,diallha01
138,Gorgui Dieng,C,32,ATL,44,371,17.3,.624,.607,.232,9.5,26.1,17.8,12.7,1.5,3.1,13.9,16.9,,0.8,0.4,1.2,.155,,1.4,0.8,2.1,0.4,dienggo01
139,Spencer Dinwiddie,PG,28,TOT,67,1980,15.1,.543,.449,.343,2.6,13.0,7.8,25.7,1.1,0.6,10.9,21.4,,2.7,1.4,4.1,.098,,0.8,-0.4,0.3,1.1,dinwisp01
140,Donte DiVincenzo,SG,25,TOT,42,1005,11.3,.510,.649,.247,4.3,14.0,9.1,16.1,2.3,0.7,16.2,18.9,,-0.1,0.9,0.7,.035,,-1.8,-0.5,-2.3,-0.1,divindo01
141,Luka Dončić,PG,22,DAL,65,2301,25.1,.571,.406,.349,2.7,26.0,14.3,46.0,1.6,1.4,15.3,37.4,,3.8,3.8,7.6,.159,,6.4,1.8,8.2,5.9,doncilu01
142,Luguentz Dort,SG,22,OKC,51,1665,12.3,.541,.539,.263,2.3,10.9,6.5,8.6,1.3,1.0,9.8,23.3,,0.2,1.1,1.4,.040,,-1.5,-0.7,-2.3,-0.1,dortlu01
143,Ayo Dosunmu,SG,22,CHI,77,2110,11.2,.596,.348,.146,1.4,9.9,5.7,16.5,1.4,1.2,15.9,14.1,,1.7,1.3,3.0,.069,,-1.9,-0.1,-2.0,0.0,dosunay01
144,Damyean Dotson,SG,27,NYK,2,21,6.4,.500,.250,.000,0.0,10.4,5.1,6.9,0.0,0.0,0.0,8.3,,0.0,0.0,0.0,.045,,-3.7,-1.2,-4.9,0.0,dotsoda01
145,Devon Dotson,PG,22,CHI,11,85,9.8,.538,.391,.391,1.3,10.5,6.0,23.9,0.6,0.0,15.6,16.6,,0.1,0.0,0.1,.048,,-3.4,-1.5,-4.9,-0.1,dotsode01
146,Sekou Doumbouya,PF,21,LAL,2,16,40.7,.717,.250,.500,13.5,26.8,20.2,0.0,9.0,11.1,17.0,31.6,,0.0,0.1,0.1,.300,,8.8,10.0,18.8,0.1,doumbse01
147,Jeff Dowtin,PG,24,TOT,9,108,6.8,.353,.346,.077,7.9,9.8,8.9,12.7,2.2,0.9,15.7,12.8,,-0.1,0.1,0.0,-0.010,,-5.7,0.1,-5.6,-0.1,dowtije01
148,PJ Dozier,SG,25,DEN,18,340,8.7,.463,.485,.131,4.8,15.6,10.3,11.3,1.6,1.6,11.0,15.2,,-0.1,0.4,0.3,.038,,-3.0,1.0,-2.0,0.0,doziepj01
149,Goran Dragić,PG,35,TOT,21,497,10.0,.474,.417,.219,2.9,11.3,7.1,22.9,1.9,0.7,17.0,17.2,,-0.1,0.4,0.4,.035,,-2.8,-0.5,-3.3,-0.2,dragigo01
150,Andre Drummond,C,28,TOT,73,1437,21.0,.574,.007,.379,18.0,34.1,26.2,13.7,2.7,4.2,18.5,19.0,,2.0,3.1,5.1,.170,,-0.1,1.4,1.3,1.2,drumman01
151,Chris Duarte,SG,24,IND,55,1541,12.3,.537,.411,.180,2.9,13.6,8.2,10.9,1.8,0.6,11.8,21.1,,0.2,0.7,0.9,.029,,-1.2,-1.1,-2.3,-0.1,duartch01
152,David Duke Jr.,PG,22,BRK,22,341,10.0,.444,.343,.194,9.8,11.5,10.7,6.6,2.0,1.8,7.1,15.9,,0.0,0.3,0.3,.048,,-3.0,-0.9,-3.9,-0.2,dukeda01
153,Kris Dunn,PG,27,POR,14,336,12.5,.482,.108,.176,2.8,13.6,8.0,35.1,3.3,0.9,22.5,18.3,,-0.1,0.3,0.2,.024,,-4.6,-0.8,-5.4,-0.3,dunnkr01
154,Kevin Durant,PF,33,BRK,55,2047,25.6,.634,.269,.367,1.6,19.6,10.8,29.1,1.1,2.3,12.9,31.2,,6.4,2.0,8.4,.198,,6.4,0.7,7.2,4.8,duranke01
155,Jaime Echenique,C,24,WAS,1,3,0.0,,,,0.0,0.0,0.0,0.0,0.0,0.0,,0.0,,0.0,0.0,0.0,-0.012,,-5.5,-3.0,-8.5,0.0,echenja01
156,Anthony Edwards,SG,20,MIN,72,2466,16.5,.560,.484,.225,2.6,12.5,7.5,17.4,2.0,1.8,12.2,26.4,,1.8,2.4,4.3,.084,,1.6,-0.4,1.2,2.0,edwaran01
157,Carsen Edwards,SG,23,DET,4,79,5.5,.378,.533,.033,2.6,5.8,4.1,26.2,1.2,0.0,14.1,19.2,,-0.1,0.0,-0.1,-0.075,,-6.0,-3.4,-9.3,-0.1,edwarca01
158,Kessler Edwards,SF,21,BRK,48,987,8.3,.516,.509,.071,5.0,13.8,9.5,4.1,1.4,2.2,13.2,13.8,,-0.2,0.9,0.6,.031,,-3.1,-0.8,-3.8,-0.5,edwarke02
159,Rob Edwards,SG,25,OKC,2,11,-0.8,.375,1.000,.000,0.0,28.5,14.0,0.0,0.0,0.0,20.0,19.6,,-0.1,0.0,0.0,-0.181,,-8.3,-2.9,-11.2,0.0,edwarro01
160,CJ Elleby,SF,21,POR,58,1174,9.2,.491,.409,.273,6.0,15.6,10.6,10.6,1.5,1.6,14.0,14.8,,-0.1,0.5,0.4,.016,,-3.8,-1.5,-5.3,-1.0,ellebcj01
161,Wayne Ellington,SG,34,LAL,43,810,9.9,.593,.890,.046,1.3,8.9,5.1,5.0,1.4,0.5,7.3,13.8,,0.6,0.4,1.0,.062,,-0.7,-0.6,-1.4,0.1,ellinwa01
162,Joel Embiid,C,27,PHI,68,2297,31.2,.616,.188,.602,7.2,31.1,19.4,23.5,1.7,3.9,11.3,37.2,,7.9,4.1,12.0,.252,,7.2,2.0,9.2,6.5,embiijo01
163,James Ennis III,SF,31,TOT,7,56,17.7,.553,.333,.208,9.9,13.1,11.6,7.4,1.7,3.1,7.1,22.0,,0.1,0.1,0.1,.114,,-0.1,-1.0,-1.1,0.0,ennisja01
164,Drew Eubanks,C,24,TOT,71,1245,18.0,.638,.062,.350,11.0,22.2,16.5,10.1,1.2,2.8,15.9,17.5,,2.2,1.1,3.4,.130,,-0.5,-0.9,-1.4,0.2,eubandr01
165,Tacko Fall,C,26,CLE,11,59,11.3,.398,.000,.583,13.4,29.4,21.6,4.6,0.0,9.1,16.6,13.6,,-0.1,0.1,0.1,.043,,-4.1,0.8,-3.4,0.0,fallta01
166,Derrick Favors,C,30,OKC,39,653,13.6,.534,.088,.137,9.0,20.2,14.5,5.9,1.3,1.7,4.5,13.4,,0.8,0.7,1.4,.105,,-2.3,0.3,-2.1,0.0,favorde01
167,Bruno Fernando,C,23,TOT,30,153,21.2,.671,.036,.436,13.0,26.6,19.8,7.5,0.3,6.5,17.6,22.4,,0.2,0.2,0.4,.139,,-0.4,0.2,-0.1,0.1,fernabr01
168,Dorian Finney-Smith,PF,28,DAL,80,2644,12.5,.604,.629,.120,5.1,10.7,7.9,8.2,1.7,1.3,9.9,13.8,,3.4,3.2,6.6,.121,,0.1,0.7,0.8,1.9,finnedo01
169,Malik Fitts,PF,24,TOT,15,63,10.7,.553,.526,.000,3.5,25.2,14.7,12.7,0.0,0.0,9.5,14.6,,0.1,0.1,0.1,.097,,-0.6,-0.5,-1.1,0.0,fittsma01
170,Malachi Flynn,PG,23,TOR,44,537,11.7,.488,.492,.131,1.9,11.3,6.4,18.5,1.9,0.7,6.3,16.5,,0.5,0.5,1.0,.092,,-1.8,0.4,-1.5,0.1,flynnma01
171,Bryn Forbes,SG,28,TOT,75,1286,11.5,.574,.547,.161,0.9,6.9,3.9,8.3,0.9,0.3,8.8,21.2,,0.8,0.6,1.4,.054,,-0.7,-2.2,-2.9,-0.3,forbebr01
172,Aleem Ford,SF,24,ORL,5,74,0.5,.350,.750,.000,2.8,18.6,10.7,3.8,0.7,0.0,16.7,14.0,,-0.2,0.1,-0.2,-0.103,,-9.1,-2.2,-11.4,-0.2,fordal03
173,Trent Forrest,PG,23,UTA,60,765,10.9,.554,.174,.310,3.4,10.5,7.1,18.6,1.9,0.7,21.4,12.8,,0.5,0.8,1.3,.084,,-2.3,1.2,-1.0,0.2,forretr01
174,Evan Fournier,SG,29,NYK,80,2358,12.3,.554,.641,.117,1.5,8.2,4.8,11.9,1.7,0.8,9.4,20.8,,1.5,2.2,3.7,.075,,-0.4,-0.3,-0.7,0.7,fournev01
175,De'Aaron Fox,PG,24,SAC,59,2084,17.4,.549,.228,.319,1.3,10.9,6.0,26.8,1.6,1.0,11.9,29.1,,1.5,1.0,2.5,.058,,0.6,-1.2,-0.6,0.7,foxde01
176,Melvin Frazier,SG,25,OKC,3,120,-0.4,.313,.438,.146,4.2,7.0,5.6,1.2,0.4,0.0,5.5,19.5,,-0.4,0.0,-0.4,-0.160,,-9.7,-6.7,-16.4,-0.4,frazime01
177,Tim Frazier,PG,31,TOT,12,208,3.3,.398,.378,.200,2.5,7.1,4.8,22.5,0.7,0.4,23.5,13.3,,-0.3,0.1,-0.2,-0.046,,-6.8,-1.8,-8.6,-0.3,fraziti01
178,Enes Freedom,C,29,BOS,35,411,15.0,.585,.052,.289,16.5,25.4,21.0,2.7,0.6,3.1,15.5,13.9,,0.6,0.7,1.4,.160,,-1.2,-0.2,-1.4,0.1,kanteen01
179,Markelle Fultz,PG,23,ORL,18,360,17.7,.517,.097,.177,1.2,13.2,7.2,48.9,2.7,1.3,17.5,27.5,,0.0,0.4,0.4,.053,,-0.1,0.4,0.2,0.2,fultzma01
180,Wenyen Gabriel,PF,24,TOT,26,359,12.5,.549,.255,.382,11.8,17.2,14.5,5.6,0.7,2.7,11.1,17.4,,0.4,0.3,0.7,.089,,-3.7,-2.1,-5.9,-0.4,gabriwe01
181,Daniel Gafford,C,23,WAS,72,1444,21.8,.708,.002,.372,12.1,19.0,15.6,7.3,1.0,5.8,12.0,16.7,,4.4,1.6,6.0,.198,,1.1,0.5,1.6,1.3,gaffoda01
182,Danilo Gallinari,PF,33,ATL,66,1672,14.3,.579,.492,.261,2.3,17.8,10.1,8.5,0.8,0.6,5.4,18.4,,2.8,0.8,3.6,.105,,1.0,-1.2,-0.2,0.8,gallida01
183,Langston Galloway,SG,30,TOT,7,107,0.7,.269,.615,.000,3.1,14.7,9.0,13.7,0.4,0.0,18.8,12.8,,-0.3,0.1,-0.2,-0.100,,-8.0,-1.8,-9.8,-0.2,gallola01
184,Darius Garland,PG,22,CLE,68,2430,19.0,.576,.387,.205,1.8,8.2,5.1,39.9,1.8,0.3,16.2,27.8,,3.8,2.5,6.3,.125,,3.4,-0.8,2.6,2.8,garlada01
185,Marcus Garrett,SG,23,MIA,12,128,4.7,.280,.190,.238,8.1,12.2,10.2,7.0,2.0,2.5,7.9,8.8,,-0.1,0.2,0.1,.032,,-6.4,1.0,-5.4,-0.1,garrema01
186,Usman Garuba,PF,19,HOU,24,240,12.9,.510,.455,.159,9.6,28.7,19.1,9.6,2.0,4.1,11.3,9.4,,0.2,0.3,0.5,.105,,-1.8,0.9,-0.9,0.1,garubus01
187,Luka Garza,C,23,DET,32,389,15.6,.535,.333,.415,15.3,12.3,13.9,8.3,1.1,1.4,9.4,21.1,,0.5,0.2,0.8,.093,,-0.5,-2.0,-2.5,-0.1,garzalu01
188,Rudy Gay,PF,35,UTA,55,1038,13.0,.539,.536,.208,6.0,19.1,12.8,7.8,1.2,1.6,10.2,19.3,,0.8,1.3,2.1,.097,,-0.7,-0.3,-1.0,0.3,gayru01
189,Paul George,PF,31,LAC,31,1077,18.6,.538,.404,.233,1.2,19.2,10.5,28.1,3.0,1.0,15.2,33.7,,-0.6,1.9,1.3,.057,,1.8,1.9,3.7,1.6,georgpa01
190,Taj Gibson,C,36,NYK,52,946,12.0,.606,.229,.313,9.8,16.3,13.0,4.9,1.2,4.2,12.5,10.0,,1.4,1.2,2.7,.135,,-3.0,1.0,-2.0,0.0,gibsota01
191,Josh Giddey,SF,19,OKC,54,1700,13.3,.478,.318,.118,5.8,19.8,12.7,32.3,1.5,1.1,19.5,22.2,,-1.3,1.7,0.4,.010,,-1.2,0.3,-0.9,0.5,giddejo01
192,Shai Gilgeous-Alexander,PG,23,OKC,56,1942,20.9,.557,.282,.385,1.9,13.0,7.4,31.1,1.8,2.2,11.1,30.8,,2.8,1.8,4.6,.113,,2.9,0.5,3.4,2.7,gilgesh01
193,Anthony Gill,PF,29,WAS,44,463,14.7,.682,.239,.477,8.0,12.2,10.2,8.3,0.5,2.0,12.0,14.4,,1.1,0.2,1.4,.140,,-0.6,-1.3,-1.9,0.0,gillan01
194,Freddie Gillespie,PF,24,ORL,9,119,9.5,.419,.045,.318,11.5,20.5,16.0,5.9,1.2,6.9,16.6,10.9,,-0.1,0.2,0.1,.049,,-5.6,1.0,-4.6,-0.1,gillefr01
195,Rudy Gobert,C,29,UTA,66,2120,24.7,.732,.008,.864,12.9,36.3,25.0,5.1,1.0,5.7,14.5,16.9,,7.3,4.3,11.7,.264,,2.9,1.7,4.6,3.6,goberru01
196,Brandon Goodwin,PG,26,CLE,36,502,11.8,.501,.357,.247,3.1,11.4,7.4,26.0,2.5,0.2,17.4,18.2,,0.1,0.7,0.7,.069,,-2.6,1.1,-1.6,0.1,goodwbr01
197,Jordan Goodwin,SG,23,WAS,2,6,-20.4,.000,.333,.000,0.0,18.2,9.2,0.0,0.0,0.0,0.0,22.2,,-0.1,0.0,-0.1,-0.533,,-24.7,-9.4,-34.1,0.0,goodwjo01
198,Aaron Gordon,PF,26,DEN,75,2376,15.3,.602,.312,.276,6.1,14.3,10.3,11.6,0.9,1.7,12.5,19.7,,3.2,2.0,5.2,.105,,0.5,-1.1,-0.6,0.9,gordoaa01
199,Eric Gordon,SG,33,HOU,57,1670,12.1,.614,.534,.239,1.0,6.5,3.7,14.1,0.8,1.0,14.6,18.6,,1.5,-0.1,1.4,.040,,-0.1,-2.2,-2.3,-0.1,gordoer01
200,Devonte' Graham,PG,26,NOP,76,2162,12.1,.514,.691,.172,1.9,7.3,4.5,21.0,1.6,0.5,10.7,19.5,,1.6,1.2,2.8,.062,,0.2,-1.2,-1.0,0.5,grahade01
201,Jerami Grant,PF,27,DET,47,1500,16.1,.556,.363,.371,1.9,12.4,6.9,12.5,1.4,2.9,9.5,25.7,,1.2,1.1,2.3,.075,,1.4,-0.2,1.2,1.2,grantje01
202,Hassani Gravett,PG,25,ORL,8,171,10.1,.629,.684,.105,0.6,12.4,6.5,17.0,1.4,0.5,18.5,12.3,,0.1,0.1,0.3,.071,,-2.4,0.2,-2.3,0.0,graveha01
203,Danny Green,SF,34,PHI,62,1353,9.5,.561,.847,.044,2.7,10.1,6.5,6.5,2.2,2.5,12.1,12.3,,0.3,1.6,1.9,.067,,-1.4,0.8,-0.5,0.5,greenda02
204,Draymond Green,PF,31,GSW,46,1329,14.3,.582,.210,.354,3.8,23.2,13.8,32.5,2.2,3.6,31.9,14.3,,0.8,2.8,3.6,.131,,-1.4,4.6,3.2,1.8,greendr01
205,Jalen Green,SG,19,HOU,67,2138,12.5,.547,.480,.247,1.7,10.0,5.8,13.1,1.0,0.8,11.3,23.7,,0.5,0.2,0.7,.015,,-0.5,-2.4,-2.9,-0.5,greenja05
206,JaMychal Green,PF,31,DEN,67,1085,14.1,.587,.379,.284,8.6,19.9,14.5,7.6,1.9,2.2,13.4,17.2,,1.2,1.4,2.7,.118,,-2.0,0.1,-1.8,0.0,greenja01
207,Javonte Green,SF,28,CHI,65,1519,14.0,.637,.311,.295,6.8,13.6,10.2,5.3,2.2,1.8,7.6,11.5,,2.9,1.5,4.4,.139,,-0.6,0.7,0.1,0.8,greenja02
208,Jeff Green,PF,35,DEN,75,1849,12.5,.627,.318,.374,2.6,11.1,7.0,7.3,0.7,1.3,10.3,16.3,,2.7,1.2,3.9,.101,,-1.2,-1.3,-2.5,-0.2,greenje02
209,Josh Green,SG,21,DAL,67,1039,11.9,.578,.305,.176,5.6,11.7,8.6,11.0,2.2,1.2,13.8,13.9,,1.0,1.4,2.4,.111,,-2.4,1.4,-1.0,0.3,greenjo02
210,Blake Griffin,C,32,BRK,56,958,13.7,.518,.463,.243,7.0,18.6,13.0,15.0,1.4,1.3,8.2,16.9,,1.2,0.9,2.1,.106,,-0.6,0.1,-0.5,0.3,griffbl01
211,Quentin Grimes,SG,21,NYK,46,786,10.7,.565,.804,.081,3.2,9.8,6.4,8.5,2.0,1.4,10.3,15.1,,0.6,0.9,1.4,.087,,-1.2,0.9,-0.3,0.3,grimequ01
212,Kyle Guy,SG,24,MIA,19,186,9.5,.526,.615,.185,2.5,7.8,5.2,13.5,1.9,0.6,15.6,19.9,,-0.1,0.2,0.1,.035,,-3.1,-0.3,-3.4,-0.1,guyky01
213,Rui Hachimura,PF,23,WAS,42,943,14.9,.579,.323,.173,3.0,15.6,9.4,7.9,1.2,0.8,7.4,20.9,,0.9,0.6,1.4,.073,,0.2,-1.7,-1.4,0.1,hachiru01
214,Tyrese Haliburton,SG-PG,21,TOT,77,2694,18.2,.595,.428,.209,2.5,10.3,6.3,34.1,2.4,1.6,16.7,19.0,,5.2,1.8,7.0,.125,,2.7,-0.1,2.6,3.1,halibty01
215,Tyler Hall,SG,24,NYK,1,2,0.0,,,,0.0,0.0,0.0,0.0,0.0,0.0,,0.0,,0.0,0.0,0.0,.007,,-8.1,-0.5,-8.5,0.0,hallty01
216,R.J. Hampton,SG,20,ORL,64,1402,8.5,.481,.400,.256,1.7,12.9,7.3,16.9,1.4,0.8,14.6,18.4,,-1.3,1.1,-0.2,-0.005,,-4.0,-0.1,-4.1,-0.7,hamptrj01
217,Tim Hardaway Jr.,SG,29,DAL,42,1245,12.7,.520,.574,.194,1.2,12.8,7.0,11.4,1.5,0.4,5.6,22.0,,0.5,1.5,2.0,.077,,-0.4,0.2,-0.2,0.6,hardati02
218,James Harden,PG,32,TOT,65,2420,20.9,.583,.452,.540,2.6,19.7,11.3,40.3,1.7,1.3,18.8,27.2,,4.9,2.7,7.6,.152,,3.7,0.3,4.0,3.7,hardeja01
219,Maurice Harkless,SF,28,SAC,47,863,7.7,.561,.558,.155,1.5,12.7,7.1,3.6,1.6,2.4,13.8,11.2,,-0.1,0.6,0.5,.026,,-3.7,0.4,-3.3,-0.3,harklma01
220,Jared Harper,PG,24,NOP,5,43,36.9,.666,.462,.154,5.0,0.0,2.6,64.1,4.6,2.2,6.7,29.7,,0.3,0.1,0.4,.422,,14.2,3.1,17.3,0.2,harpeja01
221,Montrezl Harrell,C,28,TOT,71,1640,23.2,.680,.031,.533,10.0,18.7,14.4,13.9,0.9,2.3,9.5,20.2,,6.1,1.2,7.3,.213,,3.7,0.1,3.9,2.4,harremo01
222,Gary Harris,SG,27,ORL,61,1730,10.9,.571,.546,.172,2.2,5.3,3.7,9.5,1.6,0.5,9.3,16.4,,1.1,1.0,2.2,.060,,-2.0,-0.4,-2.4,-0.2,harriga01
223,Joe Harris,SF,30,BRK,14,423,9.6,.624,.710,.048,1.3,12.8,7.2,4.5,0.8,0.4,11.2,14.5,,0.3,0.2,0.5,.060,,-0.9,-0.5,-1.4,0.1,harrijo01
224,Tobias Harris,PF,29,PHI,73,2543,15.9,.566,.269,.198,3.4,18.1,10.9,15.9,0.9,1.5,9.5,21.7,,3.0,2.6,5.6,.105,,0.6,-0.6,0.0,1.3,harrito02
225,Shaquille Harrison,SG,28,BRK,2,23,4.6,.333,.333,.000,4.9,13.8,9.5,16.6,2.1,3.9,25.0,15.0,,-0.1,0.0,0.0,-0.067,,-9.0,0.6,-8.3,0.0,harrish01
226,Josh Hart,SG,26,TOT,54,1791,16.1,.610,.374,.371,3.7,20.7,12.0,18.9,1.7,0.7,14.7,18.6,,2.8,1.5,4.4,.117,,0.5,0.5,0.9,1.3,hartjo01
227,Isaiah Hartenstein,C,23,LAC,68,1216,22.0,.664,.082,.361,10.5,18.2,14.5,20.5,2.0,5.4,16.5,18.4,,3.3,2.2,5.5,.215,,1.4,3.1,4.5,2.0,harteis01
228,Udonis Haslem,C,41,MIA,13,83,8.6,.495,.129,.097,5.6,28.2,17.1,7.4,0.6,1.3,13.4,20.0,,-0.1,0.1,0.1,.033,,-6.4,-0.7,-7.1,-0.1,hasleud01
229,Sam Hauser,SF,24,BOS,26,158,14.8,.650,.880,.000,3.5,16.0,9.9,9.1,0.3,1.2,3.8,14.5,,0.4,0.2,0.6,.171,,2.7,-0.3,2.3,0.2,hausesa01
230,Jaxson Hayes,C,21,NOP,70,1398,18.5,.680,.143,.472,8.9,16.2,12.5,4.7,1.2,3.8,10.1,16.4,,3.7,1.3,5.1,.174,,0.6,-0.3,0.2,0.8,hayesja02
231,Killian Hayes,PG,20,DET,66,1647,9.3,.461,.364,.161,2.2,12.0,6.9,24.6,2.3,1.9,18.4,15.7,,-1.0,1.5,0.5,.014,,-4.3,0.8,-3.5,-0.6,hayeski01
232,Gordon Hayward,SF,31,CHO,49,1564,15.1,.570,.357,.241,2.5,12.8,7.6,16.1,1.4,1.3,10.6,20.7,,1.9,1.0,2.8,.087,,0.1,-0.8,-0.7,0.5,haywago01
233,Aaron Henry,SF,22,PHI,6,17,-7.4,.200,.200,.000,0.0,6.5,3.3,0.0,0.0,10.6,28.6,18.5,,-0.1,0.0,-0.1,-0.306,,-14.0,-2.4,-16.5,-0.1,henryaa01
234,Juancho Hernangómez,PF,26,TOT,40,445,11.5,.542,.651,.321,7.0,17.1,12.2,6.0,1.6,2.0,11.7,13.4,,0.3,0.6,0.9,.095,,-0.7,0.1,-0.6,0.2,hernaju01
235,Willy Hernangómez,C,27,NOP,50,839,22.2,.582,.037,.431,18.5,26.3,22.3,11.9,1.2,2.2,11.6,22.5,,2.2,0.9,3.2,.180,,1.8,-1.5,0.2,0.5,hernawi01
236,Tyler Herro,SG,22,MIA,66,2151,16.2,.561,.391,.195,1.7,15.4,8.7,20.9,1.0,0.4,12.5,28.8,,1.3,2.4,3.8,.084,,1.6,-0.9,0.7,1.5,herroty01
237,Buddy Hield,SG,29,TOT,81,2499,12.9,.548,.652,.116,2.9,12.8,7.8,13.8,1.4,0.9,11.7,22.4,,0.8,1.1,1.9,.036,,0.5,-1.7,-1.2,0.5,hieldbu01
238,Haywood Highsmith,SF,25,MIA,19,163,7.0,.446,.609,.109,7.1,10.9,9.0,5.1,0.6,1.9,5.9,14.0,,0.0,0.2,0.1,.041,,-3.3,-1.3,-4.6,-0.1,highsha01
239,George Hill,PG,35,MIL,54,1253,10.2,.552,.487,.225,3.3,9.7,6.6,12.4,1.6,0.5,11.9,11.7,,1.3,1.0,2.3,.087,,-2.2,0.6,-1.6,0.1,hillge01
240,Malcolm Hill,SF-SG,26,TOT,19,212,12.7,.619,.692,.269,5.8,12.6,9.2,5.0,1.6,1.2,4.9,12.7,,0.4,0.2,0.6,.126,,-1.1,-0.5,-1.6,0.0,hillma01
241,Solomon Hill,SF,30,ATL,13,139,3.3,.200,.650,.000,4.8,13.3,9.1,10.3,1.4,1.3,4.8,6.6,,-0.1,0.1,0.0,-0.006,,-5.2,1.2,-4.0,-0.1,hillso01
242,Nate Hinton,SG,22,IND,2,2,-45.2,.000,.000,.000,0.0,0.0,0.0,0.0,0.0,0.0,50.0,42.8,,-0.1,0.0,-0.1,-1.231,,-28.1,-14.5,-42.6,0.0,hintona01
243,Jaylen Hoard,SF,22,OKC,7,240,18.0,.536,.278,.156,12.7,23.5,18.0,11.6,1.2,1.9,7.7,18.7,,0.3,0.3,0.6,.118,,1.2,-2.1,-0.9,0.1,hoardja01
244,Aaron Holiday,PG,25,TOT,63,1021,12.6,.544,.305,.201,2.6,10.3,6.5,20.7,2.0,0.7,15.4,18.7,,0.5,0.9,1.5,.068,,-1.9,0.3,-1.7,0.1,holidaa01
245,Jrue Holiday,PG,31,MIL,67,2208,19.8,.593,.336,.189,3.4,10.9,7.2,31.8,2.4,1.3,15.0,23.5,,4.5,2.4,6.9,.150,,2.9,0.3,3.2,2.9,holidjr01
246,Justin Holiday,SF-SG,32,TOT,74,2057,9.5,.543,.728,.094,1.5,8.8,5.1,8.6,1.3,1.4,9.2,15.8,,0.8,0.6,1.4,.033,,-1.4,-0.8,-2.2,-0.1,holidju01
247,Richaun Holmes,C,28,SAC,45,1074,17.8,.689,.017,.300,9.3,22.9,16.1,6.8,0.8,3.3,14.2,15.8,,2.4,0.9,3.2,.145,,-0.4,-0.1,-0.5,0.4,holmeri01
248,Rodney Hood,PF-SF,29,TOT,52,709,7.2,.493,.580,.121,2.3,9.1,5.8,6.9,1.0,0.8,6.2,10.7,,0.2,0.5,0.7,.048,,-3.0,-0.3,-3.3,-0.2,hoodro01
249,Scotty Hopson,SG,32,OKC,1,18,0.1,.500,.250,.000,0.0,5.8,2.9,8.1,0.0,0.0,33.3,14.4,,-0.1,0.0,0.0,-0.132,,-8.7,-2.9,-11.6,0.0,hopsosc01
250,Al Horford,C,35,BOS,69,2005,16.7,.574,.466,.167,6.0,22.2,14.3,16.4,1.2,4.2,9.6,14.8,,3.7,3.8,7.6,.181,,1.4,2.9,4.3,3.2,horfoal01
251,Talen Horton-Tucker,SG,21,LAL,60,1511,11.0,.503,.338,.232,2.6,11.1,6.9,14.9,1.9,1.7,12.1,19.2,,-0.2,1.2,1.1,.033,,-3.2,-0.2,-3.3,-0.5,hortota01
252,Danuel House Jr.,SF,28,TOT,42,727,10.6,.555,.591,.293,2.8,13.8,8.4,8.4,1.4,2.1,12.9,15.2,,0.4,0.7,1.0,.068,,-1.3,0.2,-1.1,0.2,houseda01
253,Dwight Howard,C,36,LAL,60,971,18.2,.657,.068,.667,13.1,26.3,19.7,5.0,1.7,3.3,14.2,14.6,,2.2,1.3,3.5,.174,,-0.2,0.0,-0.2,0.4,howardw01
254,Markus Howard,SG,22,DEN,31,176,16.1,.567,.693,.228,1.3,6.1,3.8,6.2,2.5,0.0,5.9,29.4,,0.1,0.2,0.3,.082,,0.8,-2.0,-1.2,0.0,howarma02
255,Kevin Huerter,SF,23,ATL,74,2188,11.9,.570,.541,.068,1.6,11.0,6.4,13.2,1.2,1.1,10.4,17.5,,1.8,1.0,2.8,.062,,-0.5,-0.7,-1.2,0.4,huertke01
256,Jay Huff,C,23,LAL,4,20,0.6,.000,.667,.000,5.4,16.1,10.8,5.9,2.4,4.5,25.0,8.6,,-0.1,0.0,0.0,-0.117,,-8.3,0.9,-7.4,0.0,huffja01
257,Elijah Hughes,SG-SF,23,TOT,36,434,5.4,.426,.660,.063,1.5,13.4,7.3,7.2,1.6,1.8,10.3,16.5,,-0.6,0.3,-0.4,-0.043,,-5.2,-1.7,-6.9,-0.5,hugheel01
258,Feron Hunt,SF,22,NYK,2,8,-3.0,.000,.000,.000,13.2,0.0,6.7,16.0,6.3,0.0,33.3,16.4,,-0.1,0.0,0.0,-0.234,,-12.3,1.0,-11.3,0.0,huntfe01
259,De'Andre Hunter,SF,24,ATL,53,1577,10.6,.547,.339,.289,1.8,10.4,6.1,6.1,1.1,1.2,9.6,19.9,,0.4,0.7,1.1,.034,,-2.4,-1.5,-3.9,-0.8,huntede01
260,Chandler Hutchison,SF,25,PHO,6,22,1.0,.694,.000,1.000,0.0,23.8,12.2,10.5,0.0,0.0,58.1,13.5,,-0.1,0.0,0.0,-0.086,,-8.0,-0.5,-8.5,0.0,hutchch01
261,Bones Hyland,SG,21,DEN,69,1310,14.4,.558,.627,.219,1.2,14.4,8.0,21.2,1.5,1.4,12.1,23.8,,1.1,1.3,2.4,.088,,0.3,-0.7,-0.4,0.5,hylanbo01
262,Serge Ibaka,C,32,TOT,54,878,14.4,.579,.334,.149,7.7,22.2,15.1,8.4,0.6,3.3,12.0,17.8,,0.8,1.1,2.0,.108,,-1.3,-0.2,-1.5,0.1,ibakase01
263,Andre Iguodala,SF,38,GSW,31,603,12.3,.478,.612,.165,3.9,13.9,9.1,24.7,2.2,3.5,17.7,11.4,,0.5,1.1,1.6,.125,,-0.9,3.7,2.7,0.7,iguodan01
264,Joe Ingles,SF,34,UTA,45,1122,10.0,.551,.789,.077,1.2,11.2,6.4,19.0,1.0,0.4,13.5,13.2,,1.3,0.9,2.2,.094,,-0.7,0.5,-0.3,0.5,inglejo01
265,Brandon Ingram,SF,24,NOP,55,1869,18.7,.554,.230,.328,2.0,17.3,9.5,27.8,0.9,1.3,11.8,29.3,,2.5,1.3,3.9,.099,,2.6,-0.6,2.0,1.9,ingrabr01
266,Kyrie Irving,PG,29,BRK,29,1091,21.4,.592,.388,.209,1.6,10.8,6.3,25.2,1.8,1.4,9.8,29.4,,2.4,0.9,3.3,.147,,4.2,-1.2,3.0,1.4,irvinky01
267,Wes Iwundu,SF,27,ATL,3,82,7.1,.557,.278,.222,4.0,13.3,8.7,0.0,0.6,0.0,4.8,11.1,,0.1,0.0,0.1,.046,,-4.1,-2.7,-6.8,-0.1,iwundwe01
268,Frank Jackson,PG,23,DET,53,1164,10.6,.530,.578,.215,1.7,6.7,4.0,7.6,1.1,0.7,6.7,20.9,,0.3,0.4,0.7,.031,,-1.8,-1.7,-3.5,-0.4,jacksfr01
269,Isaiah Jackson,C,20,IND,36,541,20.5,.607,.078,.427,12.2,18.7,15.4,2.9,2.3,8.4,14.0,22.5,,0.7,0.7,1.4,.126,,-1.6,0.0,-1.6,0.0,jacksis01
270,Jaren Jackson Jr.,PF,22,MEM,78,2126,17.0,.535,.387,.333,5.7,16.9,11.2,5.8,1.6,7.4,9.9,25.4,,1.7,3.7,5.4,.121,,-0.9,0.8,-0.1,1.0,jacksja02
271,Josh Jackson,SF,24,TOT,51,830,9.5,.491,.433,.257,2.6,16.4,9.2,10.0,1.5,2.4,12.3,19.7,,-0.7,0.7,0.0,.001,,-4.1,-0.4,-4.5,-0.5,jacksjo02
272,Justin Jackson,SF,26,TOT,7,36,7.7,.472,.600,.133,3.0,16.9,10.1,7.1,0.0,0.0,5.9,19.7,,0.0,0.0,0.0,.033,,-2.2,-1.1,-3.3,0.0,jacksju01
273,Reggie Jackson,SG,31,LAC,75,2337,12.1,.488,.419,.133,1.8,10.2,6.1,24.6,1.2,0.5,11.8,27.6,,-1.7,2.0,0.4,.008,,-1.4,-1.6,-3.0,-0.6,jacksre01
274,LeBron James,C,37,LAL,56,2084,26.2,.619,.367,.275,3.3,20.4,11.8,30.6,1.7,2.5,12.5,32.3,,5.2,2.3,7.5,.172,,6.9,0.8,7.7,5.1,jamesle01
275,DeJon Jarreau,SG,24,IND,1,1,0.0,,,,0.0,0.0,0.0,0.0,0.0,0.0,,0.0,,0.0,0.0,0.0,-0.022,,-6.5,-1.5,-8.0,0.0,jarrede01
276,DaQuan Jeffries,SG,24,MEM,3,9,8.4,.500,.500,.000,0.0,23.8,11.6,14.0,0.0,0.0,0.0,9.1,,0.0,0.0,0.0,.099,,-5.8,0.9,-4.9,0.0,jeffrda01
277,Ty Jerome,SG,24,OKC,48,801,11.3,.488,.567,.143,2.4,7.7,5.0,21.3,1.8,0.6,9.6,20.8,,0.0,0.5,0.5,.032,,-2.2,-0.2,-2.3,-0.1,jeromty01
278,Isaiah Joe,SG,22,PHI,55,609,7.7,.519,.763,.175,1.1,9.0,5.1,8.1,1.1,0.4,9.1,15.5,,0.0,0.4,0.4,.035,,-3.1,-1.5,-4.6,-0.4,joeis01
279,Alize Johnson,PF,25,TOT,23,167,10.7,.463,.103,.308,18.8,22.1,20.4,7.1,1.5,0.0,21.3,14.8,,0.0,0.1,0.1,.041,,-3.6,-1.8,-5.5,-0.1,johnsal02
280,B.J. Johnson,SF,26,ORL,4,65,12.1,.520,.400,.000,9.7,14.7,12.2,0.0,0.0,1.4,0.0,16.7,,0.1,0.0,0.1,.065,,-0.7,-3.9,-4.7,0.0,johnsbj01
281,Cameron Johnson,PF,25,PHO,66,1730,15.2,.625,.644,.188,2.7,14.0,8.5,7.7,1.6,0.8,6.7,17.5,,3.2,2.4,5.6,.156,,2.0,0.7,2.7,2.1,johnsca02
282,David Johnson,SG,20,TOR,2,2,-20.0,.000,1.000,.000,0.0,0.0,0.0,0.0,0.0,0.0,0.0,21.4,,0.0,0.0,0.0,-0.495,,-19.0,-8.7,-27.7,0.0,johnsda08
283,Jalen Johnson,PF,20,ATL,22,120,11.3,.590,.317,.171,1.8,21.8,11.9,3.7,1.2,1.5,17.0,19.3,,-0.1,0.1,0.0,.013,,-3.9,-1.1,-4.9,-0.1,johnsja05
284,James Johnson,PF,34,BRK,62,1191,10.3,.513,.277,.179,4.8,14.6,9.8,14.5,1.2,2.6,12.7,13.7,,0.6,1.1,1.7,.068,,-2.7,0.6,-2.2,-0.1,johnsja01
285,Joe Johnson,SG,40,BOS,1,2,38.7,1.000,.000,.000,0.0,0.0,0.0,0.0,0.0,0.0,0.0,22.0,,0.0,0.0,0.0,.335,,12.1,2.8,15.0,0.0,johnsjo02
286,Keldon Johnson,SF,22,SAS,75,2392,15.2,.574,.395,.231,3.5,16.7,10.0,9.5,1.2,0.5,7.6,21.3,,2.9,2.0,4.9,.098,,0.7,-1.2,-0.5,0.9,johnske04
287,Keon Johnson,SG,19,TOT,37,696,8.7,.453,.368,.188,3.7,9.1,6.3,16.3,2.0,1.7,13.5,21.2,,-0.8,0.4,-0.5,-0.031,,-4.0,-2.0,-5.9,-0.7,johnske07
288,Stanley Johnson,PF,25,LAL,48,1094,10.5,.564,.418,.295,3.4,11.9,7.6,9.8,1.9,1.1,11.0,12.5,,0.9,0.9,1.8,.079,,-2.8,0.1,-2.7,-0.2,johnsst04
289,Tyler Johnson,PG,29,TOT,6,91,7.1,.425,.650,.000,3.5,10.7,7.1,9.5,1.6,2.8,9.1,10.5,,0.0,0.1,0.1,.033,,-3.9,0.8,-3.0,0.0,johnsty01
290,Nikola Jokić,C,26,DEN,74,2476,32.8,.661,.220,.357,9.6,35.5,23.0,42.6,2.2,2.3,15.6,31.9,,10.8,4.5,15.2,.296,,9.2,4.5,13.7,9.8,jokicni01
291,Carlik Jones,PG,24,TOT,5,23,-1.8,.202,.111,.222,4.8,9.7,7.3,26.7,2.2,0.0,23.3,25.1,,-0.2,0.0,-0.1,-0.285,,-11.3,-4.2,-15.5,-0.1,jonesca03
292,Damian Jones,C,26,SAC,56,1017,18.3,.701,.109,.492,7.9,18.5,13.2,10.2,1.2,4.0,15.4,16.2,,2.4,0.9,3.3,.156,,-0.2,0.5,0.3,0.6,jonesda03
293,Derrick Jones Jr.,PF,24,CHI,51,899,13.0,.633,.313,.359,7.6,13.6,10.6,4.4,1.4,3.2,11.7,12.5,,1.4,0.8,2.2,.119,,-1.5,0.5,-0.9,0.2,jonesde02
294,Herbert Jones,PF,23,NOP,78,2335,12.3,.573,.293,.283,4.5,9.6,7.0,10.0,2.7,2.5,13.4,13.7,,2.1,2.5,4.6,.096,,-2.0,1.5,-0.5,0.9,joneshe01
295,Jemerrio Jones,SF,26,LAL,2,15,14.8,.667,.000,.000,14.4,7.1,10.8,0.0,3.2,0.0,0.0,8.6,,0.0,0.0,0.1,.170,,-1.1,0.1,-1.0,0.0,jonesje01
296,Kai Jones,C,21,CHO,21,63,9.2,.628,.143,.571,5.0,13.7,9.2,8.6,0.8,3.0,25.5,15.9,,0.0,0.0,0.0,.009,,-5.2,-1.4,-6.6,-0.1,joneska01
297,Mason Jones,SG,23,LAL,4,51,17.8,.625,.267,1.000,2.1,18.9,10.5,10.9,1.9,0.0,4.4,19.0,,0.2,0.0,0.2,.201,,-1.2,0.3,-0.9,0.0,jonesma05
298,Tre Jones,PG,22,SAS,69,1148,15.0,.545,.150,.268,2.6,11.6,7.1,27.0,1.8,0.5,10.8,15.6,,1.9,0.9,2.9,.121,,-0.9,0.4,-0.5,0.4,jonestr01
299,Tyus Jones,PG,25,MEM,73,1549,16.5,.544,.371,.120,1.1,11.0,5.9,28.2,2.0,0.1,7.3,16.6,,3.4,1.6,5.1,.158,,1.2,0.5,1.7,1.4,jonesty01
300,DeAndre Jordan,C,33,TOT,48,622,17.2,.641,.000,.280,14.7,31.4,23.1,4.9,0.9,5.0,18.7,13.9,,0.9,1.0,1.9,.145,,-1.5,0.1,-1.4,0.1,jordade01
301,Cory Joseph,PG,30,DET,65,1600,11.4,.579,.393,.283,1.9,10.3,5.9,21.8,1.3,1.0,15.9,14.3,,1.7,0.8,2.5,.075,,-2.0,-0.1,-2.1,0.0,josepco01
302,Georgios Kalaitzakis,SF,23,TOT,13,213,8.6,.536,.388,.448,3.0,7.3,5.1,8.8,2.5,0.9,20.0,20.2,,-0.3,0.2,-0.1,-0.024,,-5.1,-1.9,-7.0,-0.3,kalaige01
303,Frank Kaminsky,C,28,PHO,9,181,21.3,.635,.227,.303,6.7,17.3,12.1,10.1,2.1,3.4,6.3,19.0,,0.5,0.3,0.9,.228,,2.4,2.5,4.9,0.3,kaminfr01
304,Luke Kennard,SG,25,LAC,70,1919,13.3,.619,.662,.121,1.1,11.2,6.3,11.2,1.1,0.3,8.2,16.8,,2.8,1.7,4.5,.113,,0.8,-0.3,0.5,1.2,kennalu01
305,Braxton Key,SF,24,TOT,11,197,13.7,.508,.292,.181,6.8,21.4,13.7,8.9,2.5,5.0,12.4,19.4,,-0.1,0.3,0.2,.052,,-3.8,0.6,-3.3,-0.1,keybr01
306,George King,SF,28,DAL,4,19,-12.3,.085,.800,.400,0.0,29.3,14.6,0.0,0.0,0.0,14.5,16.3,,-0.1,0.0,-0.1,-0.296,,-16.5,-3.5,-20.1,-0.1,kingge03
307,Louis King,SF,22,SAC,10,104,8.1,.438,.574,.213,0.0,12.7,6.3,12.5,0.9,0.8,0.0,21.2,,0.0,0.0,0.0,.000,,-3.0,-1.6,-4.6,-0.1,kinglo02
308,Corey Kispert,SF,22,WAS,77,1801,10.9,.586,.623,.121,3.3,9.4,6.4,6.7,1.0,1.0,8.5,14.6,,1.6,0.7,2.3,.061,,-0.8,-1.5,-2.3,-0.1,kispeco01
309,Maxi Kleber,PF,30,DAL,59,1450,11.0,.537,.720,.184,5.4,21.5,13.4,6.5,1.0,3.6,10.9,13.3,,0.7,2.3,3.0,.098,,-1.6,1.2,-0.4,0.6,klebima01
310,Brandon Knight,PG,30,DAL,5,65,13.0,.561,.680,.320,0.0,13.7,6.8,18.6,0.8,0.0,12.3,22.5,,0.1,0.1,0.1,.091,,-2.7,-1.9,-4.6,0.0,knighbr03
311,Nathan Knight,PF,24,MIN,37,267,18.7,.603,.148,.682,12.5,21.8,17.1,11.9,1.2,2.9,13.6,20.7,,0.6,0.3,1.0,.171,,-0.7,0.1,-0.6,0.1,knighna01
312,Kevin Knox,SF,22,TOT,30,222,10.9,.491,.635,.259,6.8,14.8,10.7,6.5,0.9,0.8,6.9,20.0,,0.1,0.2,0.2,.047,,-1.9,-2.2,-4.1,-0.1,knoxke01
313,John Konchar,SG,25,MEM,72,1292,14.0,.615,.481,.187,6.9,20.1,13.3,10.6,1.7,1.5,9.3,9.9,,2.4,1.8,4.2,.155,,0.2,1.3,1.5,1.2,konchjo01
314,Furkan Korkmaz,SG,24,PHI,67,1414,10.2,.502,.566,.179,1.8,11.9,6.9,13.1,1.2,0.6,8.6,17.6,,0.1,1.1,1.2,.041,,-2.0,-1.1,-3.1,-0.4,korkmfu01
315,Luke Kornet,C,26,TOT,15,103,16.6,.506,.185,.222,14.0,16.4,15.2,12.4,1.4,2.6,0.0,12.7,,0.2,0.2,0.4,.194,,-0.9,0.4,-0.5,0.0,kornelu01
316,Vit Krejci,SG,21,OKC,30,690,8.5,.529,.587,.132,2.6,12.6,7.5,11.9,1.3,1.1,14.1,12.9,,0.1,0.5,0.6,.042,,-4.3,-1.0,-5.3,-0.6,krejcvi01
317,Arnoldas Kulboka,SF,24,CHO,2,5,-10.7,.000,1.000,.000,0.0,0.0,0.0,0.0,0.0,0.0,0.0,8.5,,0.0,0.0,0.0,-0.217,,-14.7,-7.1,-21.8,0.0,kulboar01
318,Jonathan Kuminga,SF,19,GSW,70,1185,15.2,.600,.324,.413,5.1,16.1,10.8,8.4,1.3,1.8,12.0,22.7,,1.3,1.8,3.0,.123,,-1.3,-0.2,-1.5,0.1,kuminjo01
319,Kyle Kuzma,PF,26,WAS,66,2204,15.2,.547,.401,.234,3.6,24.3,14.1,16.3,0.9,2.2,14.1,24.2,,0.0,2.0,2.0,.044,,0.2,-0.4,-0.2,1.0,kuzmaky01
320,Anthony Lamb,SF,24,SAS,2,8,-0.5,.000,1.000,.000,0.0,13.2,6.6,27.9,0.0,0.0,0.0,10.6,,0.0,0.0,0.0,-0.138,,-6.2,-1.8,-8.0,0.0,lamban01
321,Jeremy Lamb,SF-SG,29,TOT,56,935,13.3,.521,.490,.305,3.0,15.3,9.1,12.3,1.6,2.0,8.6,19.7,,0.6,0.6,1.2,.063,,-0.4,-0.5,-0.8,0.3,lambje01
322,Jock Landale,C,26,SAS,54,589,16.0,.597,.436,.201,11.1,13.5,12.3,10.6,0.8,2.0,12.3,18.1,,1.0,0.4,1.5,.121,,0.7,-1.1,-0.4,0.2,landajo01
323,Romeo Langford,SG,22,TOT,48,771,9.2,.520,.445,.220,4.3,10.7,7.6,3.7,1.4,1.9,7.1,12.9,,0.3,1.0,1.3,.082,,-2.3,1.0,-1.4,0.1,langfro01
324,Zach LaVine,SG,26,CHI,67,2328,20.0,.605,.401,.316,1.1,13.8,7.4,20.8,0.9,0.9,11.2,28.8,,4.5,1.3,5.8,.120,,3.9,-1.5,2.4,2.6,lavinza01
325,Jake Layman,SF,27,MIN,34,231,9.0,.500,.479,.247,2.7,14.3,8.4,5.3,1.4,2.1,11.0,16.4,,-0.1,0.2,0.1,.024,,-3.3,-0.6,-3.9,-0.1,laymaja01
326,Damion Lee,SG,29,GSW,63,1256,10.9,.561,.488,.196,2.4,14.9,8.8,7.1,1.5,0.5,8.4,15.8,,0.9,1.8,2.7,.102,,-2.4,0.4,-2.0,0.0,leeda03
327,Saben Lee,PG,22,DET,37,604,13.8,.499,.339,.401,3.1,13.0,7.8,26.2,2.9,1.8,14.7,17.3,,0.3,0.7,0.9,.073,,-1.9,1.5,-0.4,0.2,leesa01
328,Alex Len,C,28,SAC,39,620,13.1,.577,.119,.358,9.0,19.3,14.1,10.6,1.0,3.5,17.4,17.1,,0.4,0.5,0.9,.070,,-3.2,0.3,-2.9,-0.1,lenal01
329,Caris LeVert,SG,27,TOT,58,1780,15.1,.525,.300,.226,2.7,10.7,6.7,22.0,1.4,1.1,10.3,25.4,,1.2,1.0,2.2,.059,,0.0,-1.2,-1.2,0.4,leverca01
330,Kira Lewis Jr.,PG,20,NOP,24,341,9.8,.466,.397,.082,2.9,10.0,6.3,21.7,1.6,0.3,14.7,22.3,,-0.3,0.2,-0.1,-0.017,,-2.8,-1.2,-4.0,-0.2,lewiski01
331,Scottie Lewis,SG,21,CHO,2,7,14.6,.568,,,0.0,0.0,0.0,16.2,6.9,0.0,0.0,5.3,,0.0,0.0,0.0,.164,,0.0,5.9,6.0,0.0,lewissc01
332,Damian Lillard,PG,31,POR,29,1056,18.5,.550,.514,.328,1.3,11.6,6.2,34.0,0.8,1.0,11.6,29.3,,1.7,0.1,1.7,.079,,4.0,-2.7,1.3,0.9,lillada01
333,Nassir Little,SF,21,POR,42,1088,13.5,.575,.489,.298,5.7,18.7,11.9,7.4,1.1,3.3,10.1,15.8,,1.2,0.6,1.7,.076,,-0.9,-0.6,-1.4,0.2,littlna01
334,Isaiah Livers,SF,23,DET,19,383,11.1,.629,.711,.156,4.0,12.5,8.0,8.0,1.7,1.6,13.5,12.4,,0.4,0.3,0.7,.085,,-1.3,-0.2,-1.5,0.0,liveris01
335,Kevon Looney,C,25,GSW,82,1732,15.7,.586,.003,.343,13.5,23.8,18.8,13.2,1.4,2.9,13.8,12.2,,3.5,3.2,6.8,.187,,-0.9,1.7,0.9,1.3,looneke01
336,Brook Lopez,C,33,MIL,13,298,16.0,.570,.405,.176,6.9,11.9,9.4,3.0,1.3,4.8,7.8,21.9,,0.3,0.3,0.7,.108,,-0.7,-0.7,-1.3,0.1,lopezbr01
337,Robin Lopez,C,33,ORL,36,612,13.7,.570,.030,.271,11.7,10.0,10.9,14.4,0.2,2.7,16.5,18.9,,0.5,0.3,0.8,.064,,-2.4,-1.4,-3.8,-0.3,lopezro01
338,Didi Louzada,SG-SF,22,TOT,9,129,6.4,.517,.697,.061,4.1,10.6,7.2,5.3,0.8,1.5,12.9,13.0,,0.0,0.0,0.0,-0.005,,-4.1,-3.4,-7.5,-0.2,louzama01
339,Kevin Love,C,33,CLE,74,1665,19.6,.594,.627,.260,5.9,29.2,17.8,15.3,0.8,1.0,10.4,25.1,,3.2,2.5,5.7,.164,,4.4,0.1,4.5,2.7,loveke01
340,Kyle Lowry,PG,35,MIA,63,2133,15.0,.600,.609,.278,1.8,13.0,7.5,32.3,1.6,0.8,19.3,18.2,,3.7,2.7,6.4,.143,,1.1,0.8,2.0,2.1,lowryky01
341,Gabriel Lundberg,SG,27,PHO,4,44,7.7,.342,.421,.000,5.0,11.9,8.5,31.5,3.3,0.0,13.6,21.5,,-0.1,0.1,0.0,-0.005,,-5.3,0.5,-4.8,0.0,lundbga01
342,Timothé Luwawu-Cabarrot,SF,26,ATL,52,685,9.3,.556,.656,.220,2.7,10.3,6.6,7.7,1.3,0.8,8.9,14.3,,0.6,0.3,0.9,.061,,-2.3,-1.0,-3.3,-0.2,luwawti01
343,Trey Lyles,PF,26,TOT,75,1536,16.4,.588,.372,.432,6.0,21.2,13.4,9.0,0.9,1.9,9.8,20.7,,2.4,1.2,3.5,.111,,0.5,-0.8,-0.3,0.7,lylestr01
344,Théo Maledon,PG,20,OKC,51,908,10.6,.500,.473,.315,2.2,12.8,7.4,18.5,1.7,1.1,15.3,20.3,,-0.5,0.8,0.3,.015,,-3.7,-0.7,-4.4,-0.6,maledth01
345,Sandro Mamukelashvili,PF,22,MIL,41,407,14.7,.618,.452,.191,9.3,12.0,10.7,7.4,1.1,2.1,10.7,14.6,,0.8,0.3,1.1,.135,,0.6,-1.0,-0.3,0.2,mamuksa01
346,Terance Mann,SF,25,LAC,81,2317,13.4,.572,.301,.238,4.9,14.3,9.7,13.1,1.2,0.8,9.9,16.0,,3.1,2.4,5.5,.113,,-0.8,0.2,-0.6,0.8,mannte01
347,Tre Mann,PG,20,OKC,60,1367,10.2,.501,.463,.139,1.9,11.2,6.4,10.7,1.7,0.8,10.2,22.0,,-1.0,1.0,0.1,.002,,-3.3,-1.1,-4.4,-0.8,manntr01
348,Boban Marjanović,C,33,DAL,23,128,18.5,.615,.057,.314,6.9,27.0,16.9,4.8,0.0,2.1,15.8,33.3,,-0.1,0.2,0.1,.045,,-3.2,-1.2,-4.4,-0.1,marjabo01
349,Lauri Markkanen,SF,24,CLE,61,1878,14.7,.582,.541,.226,3.5,16.5,10.2,6.6,1.2,1.4,6.5,19.5,,2.7,2.3,5.0,.127,,0.4,-0.1,0.4,1.1,markkla01
350,Naji Marshall,SF,24,NOP,55,735,12.3,.505,.390,.346,5.6,16.0,10.7,12.3,2.2,1.0,12.9,20.8,,0.0,0.7,0.8,.050,,-2.7,-0.5,-3.2,-0.2,marshna01
351,Caleb Martin,SF,26,MIA,60,1372,14.8,.611,.378,.227,5.9,13.0,9.5,7.0,2.1,2.3,10.3,16.3,,1.9,2.1,4.0,.139,,0.1,0.9,1.1,1.1,martica02
352,Cody Martin,SF,26,CHO,71,1866,12.7,.579,.376,.253,4.6,11.7,8.1,12.4,2.3,1.6,11.5,12.1,,2.4,1.5,3.9,.101,,-1.2,0.7,-0.5,0.7,martico01
353,Kelan Martin,SF,26,TOT,30,450,9.4,.484,.439,.076,4.1,9.6,6.8,6.7,1.4,1.7,7.3,18.1,,-0.1,0.2,0.0,.005,,-2.6,-1.0,-3.6,-0.2,martike03
354,KJ Martin,SF,21,HOU,79,1656,14.3,.603,.321,.235,5.3,14.5,9.9,9.4,1.0,2.2,9.4,16.3,,2.3,0.6,2.9,.084,,0.0,-1.2,-1.2,0.4,martike04
355,Garrison Mathews,SG,25,HOU,65,1712,11.0,.602,.837,.390,2.0,10.2,6.1,5.3,1.6,1.3,7.1,14.4,,2.2,0.5,2.8,.078,,-1.3,-1.0,-2.3,-0.1,mathega01
356,Dakota Mathias,SG,26,MEM,6,16,11.0,.500,1.000,.000,0.0,13.4,6.5,8.0,3.0,0.0,0.0,15.4,,0.0,0.0,0.0,.114,,-1.4,1.7,0.3,0.0,mathida01
357,Wesley Matthews,SG,35,MIL,49,1002,6.9,.536,.714,.127,3.2,6.4,4.9,4.6,1.1,0.8,7.2,10.7,,0.6,0.6,1.2,.056,,-3.0,-0.3,-3.3,-0.3,matthwe02
358,Tyrese Maxey,PG,21,PHI,75,2650,16.2,.594,.311,.247,1.1,8.9,5.1,19.1,1.0,1.1,7.4,20.2,,5.4,1.9,7.3,.132,,1.3,-0.7,0.6,1.8,maxeyty01
359,Skylar Mays,SG,24,ATL,28,220,11.7,.589,.391,.141,2.5,9.9,6.2,10.8,1.6,0.0,12.8,15.5,,0.2,0.1,0.3,.061,,-1.2,-0.8,-2.0,0.0,mayssk01
360,Miles McBride,PG,21,NYK,40,372,6.1,.393,.630,.111,1.1,11.2,6.1,15.9,1.9,0.3,4.2,13.9,,-0.1,0.4,0.2,.032,,-5.5,1.0,-4.5,-0.2,mcbrimi01
361,Mac McClung,SG-PG,23,TOT,2,24,5.2,.621,.500,.167,0.0,12.9,6.5,5.2,1.9,3.6,31.8,16.3,,0.0,0.0,0.0,-0.045,,-8.4,-1.2,-9.6,0.0,mccluma01
362,CJ McCollum,SG-PG,30,TOT,62,2145,18.3,.553,.403,.146,2.6,11.5,6.9,26.1,1.6,1.0,9.3,27.5,,2.6,1.0,3.6,.081,,3.2,-1.3,1.9,2.1,mccolcj01
363,T.J. McConnell,PG,29,IND,27,652,15.1,.525,.159,.111,3.4,12.2,7.7,28.7,2.2,1.3,11.7,16.2,,1.0,0.4,1.3,.098,,-0.4,1.4,0.9,0.5,mccontj01
364,Jaden McDaniels,PF,21,MIN,70,1803,10.3,.553,.455,.128,4.4,13.2,8.7,6.1,1.4,2.9,11.4,15.3,,0.7,1.7,2.4,.065,,-2.9,-0.1,-2.9,-0.4,mcdanja02
365,Jalen McDaniels,SF,24,CHO,55,895,12.7,.595,.425,.283,4.3,16.0,10.1,8.7,1.4,2.3,11.2,15.3,,1.0,0.7,1.7,.093,,-1.9,-0.4,-2.3,-0.1,mcdanja01
366,Doug McDermott,PF,30,SAS,51,1223,11.4,.593,.551,.110,1.5,8.4,4.9,7.3,0.5,0.4,8.1,18.3,,1.1,0.5,1.6,.062,,-0.4,-2.1,-2.5,-0.1,mcderdo01
367,JaVale McGee,C,34,PHO,74,1172,22.6,.651,.020,.319,15.3,29.7,22.7,5.4,0.9,6.1,15.8,22.8,,2.4,2.6,4.9,.201,,-0.1,0.9,0.8,0.8,mcgeeja01
368,Cameron McGriff,SF,24,POR,3,46,12.5,.470,.429,.143,13.8,22.3,17.9,9.4,0.0,2.1,0.0,14.0,,0.1,0.0,0.1,.097,,-1.0,-3.0,-4.0,0.0,mcgrica01
369,Rodney McGruder,SG,30,DET,51,754,11.6,.577,.649,.116,4.2,12.1,8.0,9.6,1.4,0.8,9.2,14.8,,0.7,0.4,1.2,.075,,-0.7,-0.7,-1.4,0.1,mcgruro01
370,Alfonzo McKinnie,SF,29,CHI,17,206,5.6,.457,.443,.131,7.1,10.9,9.0,3.2,0.5,1.3,9.8,15.3,,-0.2,0.1,-0.1,-0.015,,-5.6,-3.4,-9.0,-0.4,mckinal01
371,JaQuori McLaughlin,PG,24,DAL,4,11,-2.9,.000,.500,.000,0.0,0.0,0.0,22.3,0.0,0.0,0.0,8.2,,0.0,0.0,0.0,-0.101,,-9.4,-4.2,-13.6,0.0,mclauja01
372,Jordan McLaughlin,PG,25,MIN,62,902,13.4,.535,.425,.200,2.6,8.8,5.6,26.1,3.0,1.1,14.9,11.8,,1.3,1.0,2.3,.123,,-1.2,1.6,0.4,0.6,mclaujo01
373,Ben McLemore,SG,28,POR,64,1285,11.7,.567,.774,.163,1.0,8.1,4.4,7.3,1.4,0.8,8.7,21.3,,0.7,0.2,0.8,.031,,-0.7,-2.5,-3.2,-0.4,mclembe01
374,De'Anthony Melton,SG,23,MEM,73,1657,15.2,.529,.535,.173,4.0,17.1,10.4,16.0,3.0,2.1,13.0,21.3,,0.9,2.8,3.7,.107,,0.3,1.6,1.9,1.6,meltode01
375,Sam Merrill,SG,25,MEM,6,58,7.5,.485,.958,.167,1.8,11.1,6.3,9.0,0.0,0.0,7.2,19.6,,0.0,0.0,0.0,.029,,-2.2,-3.4,-5.6,-0.1,merrisa01
376,Chimezie Metu,C,24,SAC,60,1279,13.4,.546,.414,.203,2.9,25.9,14.3,6.9,1.9,2.2,11.1,18.5,,0.1,1.4,1.5,.056,,-1.6,0.1,-1.5,0.2,metuch01
377,Khris Middleton,SF,30,MIL,66,2141,18.1,.577,.425,.285,2.1,15.3,8.8,25.5,1.7,0.8,14.2,26.7,,3.2,2.2,5.3,.119,,1.9,-0.3,1.6,1.9,middlkh01
378,C.J. Miles,SG,34,BOS,1,2,-7.8,,,,0.0,0.0,0.0,0.0,0.0,0.0,,0.0,,0.0,0.0,0.0,.030,,-16.3,0.0,-16.3,0.0,milescj01
379,Patty Mills,SG,33,BRK,81,2346,10.4,.563,.715,.074,0.9,6.2,3.6,10.6,1.1,0.6,8.2,16.4,,1.9,0.9,2.8,.058,,-0.3,-1.4,-1.7,0.2,millspa02
380,Paul Millsap,C,36,TOT,33,375,10.8,.458,.304,.209,12.3,20.7,16.6,10.4,1.3,3.1,13.1,16.7,,0.0,0.5,0.5,.061,,-3.7,0.2,-3.5,-0.1,millspa01
381,Shake Milton,SG,25,PHI,55,1179,11.9,.517,.330,.181,2.9,10.4,6.7,17.6,1.2,1.3,9.2,18.3,,0.7,1.0,1.7,.069,,-1.6,-0.6,-2.2,-0.1,miltosh01
382,Davion Mitchell,PG,23,SAC,75,2076,10.8,.489,.380,.101,1.7,7.0,4.4,22.5,1.3,1.0,11.5,20.6,,-0.5,0.6,0.1,.003,,-2.1,-1.7,-3.8,-0.9,mitchda01
383,Donovan Mitchell,SG,25,UTA,67,2266,21.6,.572,.475,.227,2.7,10.6,6.8,27.7,2.2,0.5,11.7,32.9,,4.7,2.5,7.2,.152,,4.6,-0.3,4.3,3.6,mitchdo01
384,Evan Mobley,PF,20,CLE,69,2331,16.1,.549,.111,.304,6.9,19.8,13.5,11.6,1.2,4.4,12.4,20.4,,1.5,3.7,5.2,.107,,-0.9,1.5,0.6,1.5,mobleev01
385,Malik Monk,SG,23,LAL,76,2139,14.4,.597,.535,.142,1.9,11.0,6.4,15.2,1.4,1.2,12.2,20.1,,2.3,1.4,3.6,.081,,0.5,-1.0,-0.5,0.8,monkma01
386,Greg Monroe,C,31,TOT,14,195,19.5,.566,.000,.404,16.9,18.8,17.7,16.2,2.0,4.8,15.2,17.3,,0.4,0.3,0.7,.169,,-0.3,0.7,0.4,0.1,monrogr01
387,Moses Moody,SG,19,GSW,52,607,10.5,.573,.601,.197,3.2,11.0,7.2,5.3,0.6,1.6,6.1,15.2,,0.6,0.7,1.3,.101,,-1.4,-1.1,-2.5,-0.1,moodymo01
388,Xavier Moon,SG,27,LAC,10,137,16.2,.545,.275,.098,1.6,9.0,5.4,27.0,2.5,1.9,10.1,19.0,,0.2,0.2,0.3,.121,,-1.1,1.0,-0.1,0.1,moonxa01
389,Matt Mooney,SG,25,NYK,1,2,-20.0,.000,1.000,.000,0.0,0.0,0.0,0.0,25.0,0.0,50.0,43.8,,-0.1,0.0,0.0,-0.915,,-33.9,11.5,-22.3,0.0,moonema01
390,Ja Morant,PG,22,MEM,57,1889,24.4,.575,.218,.353,4.2,14.1,9.0,34.1,1.7,1.0,12.6,33.7,,4.6,2.1,6.7,.171,,6.2,-0.1,6.1,3.9,moranja01
391,Juwan Morgan,PF,24,TOT,2,31,8.3,.833,.667,.000,6.6,7.4,7.0,4.2,0.0,0.0,0.0,4.1,,0.1,0.0,0.1,.124,,-3.3,-3.9,-7.1,0.0,morgaju01
392,Jaylen Morris,SG,26,SAS,3,16,-11.4,.129,.333,.667,0.0,13.2,6.6,14.0,0.0,0.0,11.4,23.1,,-0.1,0.0,-0.1,-0.376,,-15.8,-5.7,-21.5,-0.1,morrija01
393,Marcus Morris,PF,32,LAC,54,1564,13.7,.549,.398,.214,1.8,14.0,8.1,11.3,0.9,1.0,8.4,23.2,,0.9,1.5,2.4,.074,,-0.3,-1.0,-1.4,0.3,morrima03
394,Markieff Morris,PF,32,MIA,17,298,10.9,.547,.342,.079,6.6,10.5,8.6,12.1,1.0,0.4,14.5,20.6,,0.0,0.3,0.3,.054,,-1.5,-0.4,-1.9,0.0,morrima02
395,Monte Morris,PG,26,DEN,75,2239,14.7,.583,.406,.109,1.4,9.6,5.6,21.4,1.2,0.6,8.8,17.4,,3.9,1.5,5.4,.116,,0.8,-0.8,0.0,1.1,morrimo01
396,Emmanuel Mudiay,PG,25,SAC,2,11,12.3,.399,.000,2.000,0.0,0.0,0.0,43.4,4.4,0.0,21.0,18.6,,0.0,0.0,0.0,.023,,-2.7,1.5,-1.2,0.0,mudiaem01
397,Mychal Mulder,PG,27,TOT,17,240,3.7,.438,.701,.052,0.9,9.8,5.3,3.0,0.8,0.8,9.2,15.8,,-0.4,0.1,-0.2,-0.050,,-5.9,-1.8,-7.7,-0.3,muldemy01
398,Ade Murkey,SG,24,SAC,1,1,0.0,,,,0.0,0.0,0.0,0.0,0.0,0.0,,0.0,,0.0,0.0,0.0,-0.017,,-7.4,-2.3,-9.7,0.0,murkead01
399,Trey Murphy III,SF,21,NOP,62,864,12.5,.558,.671,.184,5.9,13.1,9.4,6.2,1.3,0.8,5.1,15.7,,1.3,0.6,1.9,.104,,0.2,-1.4,-1.2,0.2,murphtr02
400,Dejounte Murray,PG,25,SAS,68,2366,22.3,.533,.237,.199,3.5,21.6,12.5,40.6,2.8,0.8,11.8,27.3,,3.9,3.4,7.3,.149,,3.7,1.7,5.4,4.4,murrade01
401,Mike Muscala,C,30,OKC,43,592,19.7,.630,.657,.230,3.6,19.1,11.2,6.2,1.5,4.1,4.9,20.9,,1.4,0.7,2.1,.170,,3.8,1.2,5.0,1.1,muscami01
402,Svi Mykhailiuk,SF,24,TOR,56,716,9.6,.509,.573,.158,2.9,11.5,7.0,8.8,1.8,0.5,11.3,16.9,,0.1,0.7,0.8,.052,,-2.7,-0.2,-2.9,-0.2,mykhasv01
403,Abdel Nader,SF,28,PHO,14,145,4.9,.431,.400,.286,3.0,16.6,10.0,5.9,2.7,2.5,21.8,15.0,,-0.3,0.3,0.0,-0.009,,-7.1,2.2,-4.9,-0.1,naderab01
404,Larry Nance Jr.,C-PF,29,TOT,46,1040,14.4,.590,.283,.231,7.4,19.3,13.1,11.4,2.0,1.9,12.0,12.8,,1.5,0.8,2.3,.104,,-0.4,0.3,-0.1,0.5,nancela02
405,RJ Nembhard Jr.,SG,22,CLE,14,63,8.0,.380,.111,.222,5.4,6.9,6.1,26.1,0.8,0.0,13.2,16.0,,0.0,0.0,0.0,.010,,-4.4,-1.5,-6.0,-0.1,nembhrj01
406,Aaron Nesmith,SF,22,BOS,52,574,7.3,.507,.632,.143,2.9,13.6,8.4,5.4,1.7,0.8,13.8,17.2,,-0.4,0.9,0.4,.038,,-4.9,0.7,-4.3,-0.3,nesmiaa01
407,Raul Neto,PG,29,WAS,70,1372,12.4,.538,.272,.245,1.1,9.6,5.4,22.9,2.0,0.2,13.9,18.4,,0.7,0.8,1.5,.053,,-2.5,-0.5,-2.9,-0.4,netora01
408,Malik Newman,PG,24,CLE,1,8,28.6,.680,.200,.400,0.0,13.5,6.9,27.8,0.0,0.0,14.5,38.1,,0.0,0.0,0.0,.179,,6.3,0.1,6.4,0.0,newmama01
409,Georges Niang,PF,28,PHI,76,1736,10.7,.594,.687,.105,1.6,11.3,6.5,8.7,0.9,0.7,9.1,16.8,,1.5,1.3,2.8,.077,,-0.8,-1.1,-1.9,0.0,niangge01
410,Daishen Nix,SG,19,HOU,24,261,8.1,.480,.388,.448,2.9,11.0,6.9,21.5,2.7,0.0,24.5,17.3,,-0.3,0.1,-0.2,-0.033,,-5.4,-1.0,-6.4,-0.3,nixda01
411,Zeke Nnaji,PF,21,DEN,41,698,13.5,.629,.430,.349,9.3,14.1,11.8,3.4,1.1,1.7,9.7,14.9,,1.2,0.6,1.8,.123,,-0.7,-1.6,-2.2,0.0,nnajize01
412,Nerlens Noel,C,27,NYK,25,562,11.8,.581,.050,.500,9.0,18.1,13.5,5.7,2.7,5.4,21.5,7.3,,0.4,1.0,1.5,.128,,-3.1,3.3,0.3,0.3,noelne01
413,Jaylen Nowell,SG,22,MIN,62,975,16.8,.581,.387,.223,2.4,11.4,6.8,20.2,1.3,1.0,7.4,21.0,,2.1,0.7,2.8,.138,,1.5,-0.7,0.8,0.7,nowelja01
414,Frank Ntilikina,SG,23,DAL,58,685,10.4,.513,.498,.112,1.9,10.9,6.4,14.7,2.0,0.9,11.7,17.4,,0.1,0.9,0.9,.065,,-2.8,0.9,-1.9,0.0,ntilila01
415,Jusuf Nurkić,C,27,POR,56,1579,20.0,.586,.093,.447,11.2,32.6,21.5,16.6,1.9,2.1,16.6,23.6,,2.0,1.7,3.6,.110,,0.1,0.2,0.3,0.9,nurkiju01
416,David Nwaba,SF,29,HOU,46,609,15.3,.567,.278,.381,7.4,20.0,13.6,8.5,2.2,2.9,9.3,15.8,,0.8,0.5,1.3,.105,,-0.6,0.0,-0.6,0.2,nwabada01
417,Jordan Nwora,SF,23,MIL,62,1185,9.9,.506,.491,.093,3.4,16.1,9.9,7.0,1.0,1.4,10.6,19.4,,-0.4,1.1,0.6,.025,,-2.7,-1.5,-4.1,-0.6,nworajo01
418,Royce O'Neale,SF,28,UTA,77,2406,10.3,.608,.689,.126,3.0,13.4,8.4,10.5,1.8,1.2,14.4,9.9,,2.7,2.8,5.5,.109,,-0.8,1.7,0.8,1.7,onealro01
419,Semi Ojeleye,PF,27,TOT,30,406,6.7,.438,.505,.293,7.2,12.0,9.7,2.9,0.8,1.4,7.5,12.8,,-0.1,0.3,0.2,.029,,-4.1,-1.6,-5.7,-0.4,ojelese01
420,Chuma Okeke,PF,23,ORL,70,1749,12.0,.501,.645,.113,2.8,18.2,10.5,10.1,2.7,2.2,8.6,16.4,,-0.3,2.5,2.2,.060,,-1.6,1.5,-0.1,0.8,okekech01
421,Josh Okogie,SG,23,MIN,49,516,9.0,.526,.452,.490,5.9,8.7,7.3,6.2,2.4,2.2,15.4,12.1,,0.1,0.5,0.7,.062,,-3.7,0.9,-2.7,-0.1,okogijo01
422,Onyeka Okongwu,C,21,ATL,48,992,19.8,.714,.000,.487,12.8,18.4,15.6,7.6,1.5,5.4,13.8,14.0,,3.1,1.1,4.2,.202,,0.0,0.8,0.8,0.7,okongon01
423,Isaac Okoro,SF,21,CLE,67,1981,10.4,.589,.364,.360,4.1,7.1,5.6,8.5,1.4,1.0,10.4,12.4,,2.4,1.9,4.2,.103,,-2.4,0.7,-1.7,0.1,okorois01
424,KZ Okpala,PF,22,MIA,21,244,10.4,.521,.377,.159,5.2,13.7,9.5,8.3,0.8,3.0,6.3,14.4,,0.2,0.3,0.5,.097,,-3.2,0.4,-2.8,-0.1,okpalkz01
425,Victor Oladipo,SG,29,MIA,8,173,16.8,.608,.493,.260,2.0,12.9,7.5,26.3,1.4,0.6,16.4,25.1,,0.2,0.2,0.4,.124,,1.8,-0.5,1.3,0.1,oladivi01
426,Cameron Oliver,SF,25,ATL,2,43,21.4,.705,.200,.200,5.1,10.1,7.6,11.1,1.1,2.1,0.0,16.6,,0.2,0.0,0.2,.219,,2.3,-0.5,1.7,0.0,oliveca01
427,Kelly Olynyk,C,30,DET,40,764,16.7,.561,.416,.311,7.3,18.3,12.5,23.3,2.0,2.2,15.1,21.5,,0.8,0.8,1.6,.104,,0.5,1.0,1.6,0.7,olynyke01
428,Eugene Omoruyi,SF,24,DAL,4,18,17.0,.518,.400,.800,12.3,30.9,21.6,15.8,0.0,0.0,0.0,16.9,,0.1,0.0,0.1,.201,,3.3,0.7,4.0,0.0,omorueu01
429,Miye Oni,SG,24,UTA,16,44,0.4,.265,.889,.111,2.6,14.4,8.7,14.2,0.0,0.0,9.6,10.3,,-0.1,0.0,0.0,-0.032,,-7.6,-0.3,-7.9,-0.1,onimi01
430,Cedi Osman,SF,26,CLE,66,1462,13.3,.563,.628,.229,1.9,9.0,5.5,14.1,1.8,0.6,9.6,21.1,,1.3,1.6,2.9,.094,,-0.3,0.5,0.2,0.8,osmande01
431,Daniel Oturu,C,22,TOR,3,27,13.4,.549,.167,.833,3.8,17.0,10.0,0.0,0.0,7.2,0.0,13.0,,0.0,0.0,0.1,.121,,-2.7,-2.5,-5.2,0.0,oturuda01
432,Kelly Oubre Jr.,SF,26,CHO,76,1999,14.9,.560,.593,.203,4.1,12.0,8.0,6.2,1.8,1.5,6.2,23.0,,1.8,1.4,3.3,.079,,0.2,-1.6,-1.4,0.3,oubreke01
433,Jaysean Paige,PG,27,DET,1,7,-22.2,.000,.667,.000,0.0,16.3,7.7,18.1,0.0,0.0,25.0,24.5,,-0.1,0.0,-0.1,-0.574,,-25.0,-6.5,-31.5,0.0,paigeja01
434,Trayvon Palmer,SG,27,DET,1,17,-5.7,.000,.000,.000,0.0,13.4,6.4,0.0,0.0,0.0,50.0,5.0,,-0.1,0.0,0.0,-0.133,,-13.1,-1.8,-15.0,-0.1,palmetr01
435,Kevin Pangos,PG,29,CLE,24,166,6.5,.408,.565,.087,1.4,5.9,3.7,24.6,0.9,0.0,12.8,14.6,,-0.1,0.1,0.1,.016,,-4.7,-1.4,-6.1,-0.2,pangoke01
436,Jabari Parker,PF,26,BOS,12,112,14.8,.632,.421,.237,5.0,21.7,13.5,7.9,1.8,0.8,16.0,19.6,,0.1,0.2,0.3,.141,,-0.3,1.1,0.7,0.1,parkeja01
437,Eric Paschall,PF,25,UTA,58,737,13.9,.612,.460,.366,4.6,10.9,7.9,7.1,0.6,0.6,9.0,17.7,,1.4,0.5,2.0,.127,,0.5,-1.0,-0.5,0.3,pascher01
438,Chris Paul,PG,36,PHO,65,2139,20.8,.581,.270,.274,1.1,12.8,7.1,44.5,2.7,0.8,15.6,19.7,,5.8,3.6,9.4,.210,,3.1,2.3,5.4,4.0,paulch01
439,Cameron Payne,PG,27,PHO,58,1278,13.8,.500,.359,.152,2.1,12.3,7.3,30.7,1.5,1.2,14.1,24.6,,0.2,1.8,1.9,.073,,-0.4,0.4,0.0,0.7,payneca01
440,Elfrid Payton,PG,27,PHO,50,549,7.9,.397,.103,.183,4.2,12.8,8.6,23.0,2.2,1.0,19.9,18.5,,-1.0,0.8,-0.2,-0.014,,-4.6,1.2,-3.5,-0.2,paytoel01
441,Gary Payton II,SG,29,GSW,71,1248,17.8,.679,.349,.169,6.5,14.9,10.8,7.6,3.8,1.7,9.8,14.3,,2.5,2.6,5.2,.199,,0.3,3.4,3.7,1.8,paytoga02
442,Norvel Pelle,C,28,UTA,3,19,12.2,.600,.000,.000,17.9,16.7,17.3,0.0,0.0,4.6,28.6,16.0,,0.0,0.0,0.0,.038,,-3.0,-4.1,-7.1,0.0,pelleno01
443,Reggie Perry,PF,21,TOT,10,187,15.6,.537,.203,.190,8.5,19.5,13.8,11.1,2.4,3.2,11.4,22.4,,0.1,0.2,0.2,.058,,-3.1,-1.0,-4.1,-0.1,perryre01
444,Jamorko Pickett,PF,24,DET,13,176,7.6,.491,.780,.040,3.5,16.8,9.8,5.8,0.0,3.6,8.9,13.6,,0.0,0.1,0.1,.015,,-2.8,-2.1,-5.0,-0.1,pickeja01
445,Theo Pinson,SF,26,DAL,19,148,11.9,.553,.769,.256,1.5,14.3,7.9,15.9,1.7,1.2,10.3,14.7,,0.2,0.2,0.4,.122,,-1.5,1.0,-0.5,0.1,pinsoth01
446,Mason Plumlee,C,31,CHO,73,1793,14.7,.603,.006,.534,10.2,23.3,16.7,16.4,1.6,2.7,20.2,11.7,,2.7,2.0,4.7,.127,,-1.5,1.5,0.0,0.9,plumlma01
447,Jakob Poeltl,C,26,SAS,68,1970,20.8,.613,.002,.287,13.9,20.0,16.9,14.0,1.1,5.0,12.7,18.3,,4.4,2.5,6.9,.168,,0.9,0.7,1.6,1.7,poeltja01
448,Aleksej Pokusevski,PF,20,OKC,61,1233,12.0,.485,.432,.110,6.0,20.8,13.3,16.5,1.5,2.9,16.4,20.0,,-1.1,1.5,0.4,.014,,-2.7,0.1,-2.6,-0.2,pokusal01
449,Yves Pons,SF,22,MEM,12,71,5.9,.385,.563,.125,7.2,10.6,8.8,1.7,0.7,5.0,5.6,10.3,,0.0,0.1,0.0,.030,,-4.9,-1.7,-6.6,-0.1,ponsyv01
450,Jordan Poole,SG,22,GSW,76,2283,16.1,.598,.548,.251,1.7,10.5,6.2,21.0,1.3,1.0,13.7,26.0,,3.1,2.9,6.0,.126,,1.3,-0.3,1.0,1.7,poolejo01
451,Kevin Porter Jr.,PG,21,HOU,61,1907,13.5,.531,.511,.239,2.5,13.0,7.7,30.7,1.7,1.0,17.7,24.1,,0.0,0.8,0.8,.021,,-0.1,-1.6,-1.6,0.2,porteke02
452,Michael Porter Jr.,SF,23,DEN,9,265,7.5,.416,.466,.087,3.9,20.4,12.4,8.9,1.9,0.7,10.1,19.7,,-0.5,0.3,-0.2,-0.032,,-3.9,0.5,-3.5,-0.1,portemi01
453,Otto Porter Jr.,PF,28,GSW,63,1396,15.9,.581,.519,.147,6.9,21.0,14.2,9.6,2.4,2.0,7.7,15.0,,2.2,2.7,4.9,.168,,1.0,2.1,3.1,1.8,porteot01
454,Bobby Portis,C,26,MIL,72,2028,17.7,.571,.388,.130,9.6,24.4,17.2,6.4,1.3,2.4,8.9,21.3,,2.9,2.6,5.5,.131,,1.2,-1.0,0.2,1.1,portibo01
455,Kristaps Porziņģis,PF,26,TOT,51,1481,23.7,.577,.329,.373,7.7,23.1,15.4,13.7,1.3,5.0,8.3,29.5,,3.2,2.4,5.6,.180,,3.3,0.6,3.9,2.2,porzikr01
456,Micah Potter,C,23,DET,3,31,13.6,.505,.182,.182,13.3,18.4,15.7,0.0,1.6,2.9,7.8,17.8,,0.0,0.0,0.0,.073,,-4.0,-3.0,-7.1,0.0,pottemi01
457,Dwight Powell,C,30,DAL,82,1798,18.1,.725,.092,.529,10.7,14.3,12.5,8.1,1.0,2.0,11.5,14.0,,6.0,2.2,8.2,.219,,0.4,0.5,0.9,1.3,poweldw01
458,Myles Powell,PG,24,PHI,11,52,0.2,.364,.353,.118,2.2,10.6,6.4,8.0,1.0,0.0,14.4,18.0,,-0.2,0.0,-0.1,-0.109,,-10.5,-2.2,-12.7,-0.1,powelmy01
459,Norman Powell,SF-SG,28,TOT,45,1458,16.3,.603,.418,.385,1.5,9.7,5.4,10.8,1.4,1.4,8.9,23.1,,2.4,0.4,2.8,.093,,1.2,-1.5,-0.3,0.6,powelno01
460,Joshua Primo,SF,19,SAS,50,965,7.1,.487,.507,.219,3.5,8.9,6.1,10.6,1.0,2.0,16.1,15.4,,-0.6,0.6,0.0,.001,,-3.8,-1.1,-5.0,-0.7,primojo01
461,Taurean Prince,PF,27,MIN,69,1177,12.4,.589,.587,.210,2.3,13.8,7.9,8.1,1.9,1.9,11.1,17.0,,1.0,1.2,2.2,.090,,-1.0,0.0,-0.9,0.3,princta02
462,Payton Pritchard,PG,24,BOS,71,1001,15.0,.578,.657,.056,3.5,10.8,7.2,20.4,1.2,0.5,9.7,18.6,,1.8,1.2,3.1,.148,,1.7,0.1,1.8,1.0,pritcpa01
463,Trevelin Queen,SG,24,HOU,10,74,18.2,.619,.727,.121,10.3,13.4,11.9,8.8,3.2,1.2,16.8,23.9,,0.1,0.1,0.1,.080,,2.7,-0.8,1.9,0.1,queentr01
464,Neemias Queta,C,22,SAC,15,120,12.7,.495,.000,.447,12.6,15.6,14.1,7.2,0.4,5.8,11.7,18.4,,0.0,0.1,0.1,.051,,-4.1,-1.0,-5.1,-0.1,quetane01
465,Immanuel Quickley,PG,22,NYK,78,1802,14.6,.543,.547,.278,1.8,13.1,7.4,24.5,1.5,0.2,10.9,22.2,,2.5,1.8,4.2,.113,,0.2,0.0,0.2,1.0,quickim01
466,Jahmi'us Ramsey,SG,20,SAC,19,134,7.9,.468,.310,.241,3.2,7.4,5.3,7.9,0.4,0.6,7.2,22.2,,-0.1,0.0,-0.1,-0.047,,-3.5,-3.4,-6.9,-0.2,ramseja01
467,Julius Randle,PF,27,NYK,72,2544,15.7,.509,.313,.322,5.2,25.5,15.1,25.1,1.0,1.5,14.7,28.7,,-0.3,3.4,3.1,.059,,0.4,0.2,0.5,1.6,randlju01
468,Austin Reaves,SG,23,LAL,61,1418,11.5,.600,.525,.371,3.4,11.2,7.3,10.3,1.0,1.3,9.8,12.4,,2.1,0.8,2.9,.097,,-1.3,-0.6,-1.9,0.0,reaveau01
469,Cam Reddish,SF,22,TOT,49,1012,12.8,.543,.451,.275,2.7,8.6,5.7,7.0,2.3,1.4,11.1,22.2,,0.2,0.8,1.0,.046,,-1.0,-0.3,-1.3,0.2,reddica01
470,Davon Reed,SG,26,DEN,48,668,12.2,.624,.534,.093,2.4,15.2,9.0,10.7,1.8,1.2,8.7,12.1,,0.9,0.7,1.6,.117,,-0.6,0.3,-0.3,0.3,reedda01
471,Paul Reed,C,22,PHI,38,302,21.4,.568,.083,.146,16.6,17.4,17.0,8.3,5.5,4.2,8.9,16.7,,0.6,0.7,1.3,.212,,-0.8,2.9,2.1,0.3,reedpa01
472,Naz Reid,C,22,MIN,77,1215,17.2,.588,.349,.313,8.8,18.0,13.3,8.7,1.6,5.6,13.2,21.4,,1.5,1.6,3.2,.125,,-0.5,0.5,0.0,0.6,reidna01
473,Nick Richards,C,24,CHO,50,367,15.9,.689,.000,.478,9.7,15.2,12.4,4.9,1.2,5.4,18.1,15.4,,0.6,0.3,1.0,.125,,-2.6,-0.2,-2.8,-0.1,richani01
474,Josh Richardson,SG,28,TOT,65,1600,12.8,.573,.461,.202,2.8,9.4,6.2,10.1,1.7,1.6,10.2,17.6,,1.6,2.0,3.5,.106,,-0.6,0.7,0.1,0.9,richajo01
475,Austin Rivers,SG,29,DEN,67,1480,7.2,.546,.660,.126,1.5,6.9,4.3,8.0,1.7,0.4,12.8,12.6,,0.1,1.1,1.2,.037,,-3.5,-0.3,-3.8,-0.7,riverau01
476,Duncan Robinson,SG,27,MIA,79,2043,10.6,.573,.860,.084,1.4,9.8,5.6,9.3,1.0,0.7,7.4,17.7,,1.9,2.0,3.9,.092,,-0.3,-0.3,-0.6,0.7,robindu01
477,Justin Robinson,PG,24,TOT,25,304,3.6,.404,.656,.086,1.4,6.0,3.7,14.0,1.4,0.3,15.0,16.0,,-0.5,0.2,-0.3,-0.055,,-6.4,-1.3,-7.6,-0.4,robinju01
478,Mitchell Robinson,C,23,NYK,72,1848,20.7,.722,.000,.528,16.8,19.1,17.9,3.2,1.6,7.1,12.4,11.4,,5.3,3.2,8.5,.221,,1.0,1.2,2.2,2.0,robinmi01
479,Jeremiah Robinson-Earl,C,21,OKC,49,1087,11.7,.526,.509,.167,7.0,19.1,13.0,6.7,1.3,1.3,10.1,15.4,,0.4,1.0,1.5,.065,,-1.9,-0.4,-2.2,-0.1,robinje02
480,Isaiah Roby,PF,23,OKC,45,948,18.3,.607,.307,.359,8.0,15.6,11.8,12.1,1.8,3.3,10.3,19.0,,1.8,1.1,2.9,.147,,0.4,0.2,0.6,0.6,robyis01
481,Rajon Rondo,PG,35,TOT,39,698,10.9,.496,.500,.148,2.4,14.4,8.5,33.1,2.1,0.8,26.6,16.0,,-0.1,0.8,0.7,.048,,-2.4,0.7,-1.7,0.1,rondora01
482,Derrick Rose,PG,33,NYK,26,636,16.9,.541,.336,.113,3.5,9.8,6.6,27.5,1.7,1.9,11.9,22.5,,0.8,0.7,1.4,.108,,2.3,0.0,2.3,0.7,rosede01
483,Terrence Ross,SG,30,ORL,63,1448,10.0,.515,.477,.235,1.5,10.3,5.9,12.5,0.9,0.8,10.9,20.5,,-0.5,0.9,0.3,.011,,-2.5,-1.1,-3.7,-0.6,rosste01
484,Terry Rozier,SG,27,CHO,73,2458,17.6,.566,.508,.151,2.4,11.3,6.8,19.7,1.8,1.0,7.2,23.2,,4.3,1.6,5.9,.115,,2.4,-0.7,1.7,2.3,roziete01
485,Ricky Rubio,PG,31,CLE,34,970,14.0,.488,.423,.251,1.7,14.1,8.0,34.6,2.5,0.6,16.5,24.9,,-0.1,1.4,1.3,.064,,-1.0,1.2,0.2,0.5,rubiori01
486,D'Angelo Russell,PG,25,MIN,65,2077,16.3,.544,.531,.246,1.3,10.1,5.6,33.1,1.4,1.0,13.2,25.1,,2.9,1.5,4.4,.101,,2.2,-1.5,0.8,1.4,russeda01
487,Matt Ryan,SF,24,BOS,1,5,3.5,.300,1.000,.000,0.0,0.0,0.0,0.0,9.9,0.0,0.0,44.0,,0.0,0.0,0.0,-0.250,,-9.9,-3.8,-13.7,0.0,ryanma01
488,Domantas Sabonis,PF,25,TOT,62,2136,21.9,.637,.162,.429,10.3,29.0,19.5,23.6,1.3,1.1,17.5,22.3,,5.3,1.8,7.1,.159,,3.2,0.9,4.1,3.2,sabondo01
489,Olivier Sarr,C,22,OKC,22,421,14.0,.672,.287,.287,8.2,14.6,11.4,6.9,0.7,3.3,16.2,13.9,,0.7,0.3,1.0,.116,,-2.7,-1.3,-4.0,-0.2,sarrol01
490,Tomáš Satoranský,SG-PG-SF,30,TOT,55,906,10.2,.461,.277,.283,3.3,12.1,7.7,27.0,1.6,0.5,17.6,12.6,,0.5,0.6,1.0,.056,,-3.3,-0.3,-3.7,-0.4,satorto01
491,Jordan Schakel,SG,23,WAS,4,30,-1.2,.210,.545,.182,7.5,21.8,14.8,0.0,1.6,0.0,7.8,19.1,,-0.2,0.0,-0.1,-0.204,,-8.6,-4.3,-13.0,-0.1,schakjo01
492,Admiral Schofield,SF,24,ORL,38,469,7.5,.538,.612,.116,3.8,16.3,10.0,7.9,0.4,1.0,13.4,14.5,,-0.1,0.3,0.3,.027,,-4.2,-1.2,-5.4,-0.4,schofad01
493,Dennis Schröder,PG,28,TOT,64,1837,13.0,.539,.345,.254,2.0,10.5,6.3,24.2,1.4,0.4,15.1,22.6,,1.0,1.9,2.9,.076,,-1.5,-0.4,-1.9,0.0,schrode01
494,Tre Scott,SF,25,CLE,2,11,20.4,.500,.167,.000,10.3,9.8,10.1,0.0,4.5,8.1,0.0,24.1,,0.0,0.0,0.0,.138,,-4.8,1.8,-3.0,0.0,scotttr01
495,Jay Scrubb,SG,21,LAC,18,121,9.3,.486,.457,.217,1.8,11.9,7.0,9.7,1.6,2.1,12.2,20.8,,-0.1,0.1,0.0,.002,,-4.4,-0.4,-4.8,-0.1,scrubja01
496,Wayne Selden,SG,27,NYK,3,19,4.3,.434,.500,1.000,0.0,5.8,2.8,7.2,0.0,0.0,0.0,13.3,,0.0,0.0,0.0,.016,,-4.3,-1.6,-5.9,0.0,seldewa01
497,Alperen Sengun,C,19,HOU,72,1489,16.0,.552,.223,.442,10.1,18.9,14.5,19.1,1.9,4.1,18.8,22.0,,0.8,1.3,2.1,.068,,-1.6,0.6,-1.0,0.4,sengual01
498,Collin Sexton,SG,23,CLE,11,316,11.2,.523,.298,.258,4.6,7.9,6.3,11.9,1.6,0.0,15.6,27.9,,-0.4,0.3,-0.1,-0.009,,-3.5,-0.7,-4.1,-0.2,sextoco01
499,Landry Shamet,SG,24,PHO,69,1437,10.2,.550,.689,.167,1.2,8.0,4.7,9.7,0.9,0.6,7.3,16.8,,1.1,1.5,2.6,.085,,-0.9,-0.4,-1.2,0.3,shamela01
500,Day'Ron Sharpe,PF,20,BRK,32,391,20.7,.593,.047,.275,23.2,21.4,22.3,6.7,1.2,3.4,15.2,21.7,,0.8,0.5,1.2,.152,,-0.3,-2.5,-2.8,-0.1,sharpda01
501,Pascal Siakam,PF,27,TOR,68,2578,20.3,.565,.181,.314,5.1,20.1,12.2,23.0,1.6,1.6,11.6,25.8,,4.9,3.2,8.1,.151,,2.7,0.8,3.5,3.6,siakapa01
502,Chris Silva,PF,25,TOT,10,91,11.6,.641,.000,.800,16.5,28.2,22.4,10.6,0.0,1.2,28.3,13.8,,0.1,0.1,0.3,.137,,-5.0,0.1,-4.9,-0.1,silvach01
503,Marko Simonovic,C,22,CHI,9,35,10.2,.428,.333,.733,16.2,16.0,16.1,0.0,1.4,2.5,9.2,27.5,,0.0,0.0,0.0,-0.011,,-6.1,-5.0,-11.1,-0.1,simonma01
504,Anfernee Simons,SG,22,POR,57,1681,15.3,.583,.555,.146,1.6,8.5,4.9,22.2,0.9,0.4,11.9,24.8,,2.0,-0.1,1.9,.055,,1.9,-2.7,-0.7,0.5,simonan01
505,Zavier Simpson,PG,24,OKC,4,174,7.7,.406,.154,.096,1.2,11.4,6.2,25.2,1.4,2.1,15.6,15.9,,-0.2,0.1,-0.1,-0.018,,-6.0,-1.9,-7.9,-0.3,simpsza01
506,Jericho Sims,PF,23,NYK,41,555,11.6,.674,.000,.537,11.6,21.3,16.4,5.3,1.0,3.9,23.1,6.9,,0.7,0.8,1.5,.128,,-2.8,1.1,-1.7,0.0,simsje01
507,Deividas Sirvydis,SG,21,DET,3,27,0.1,.150,.700,.000,0.0,25.3,12.0,4.9,5.4,3.3,0.0,15.9,,-0.1,0.1,-0.1,-0.139,,-10.8,2.2,-8.7,0.0,sirvyde01
508,Javonte Smart,PG,22,TOT,17,200,5.1,.407,.450,.100,2.7,10.0,6.5,10.4,1.5,1.5,14.9,15.9,,-0.3,0.2,-0.2,-0.038,,-5.9,-0.8,-6.6,-0.2,smartja01
509,Marcus Smart,PG,27,BOS,71,2296,13.6,.540,.501,.249,2.0,10.5,6.4,25.6,2.6,0.7,16.6,18.3,,1.9,3.7,5.6,.116,,-1.2,1.7,0.5,1.5,smartma01
510,Dennis Smith Jr.,PG,24,POR,37,638,13.2,.474,.143,.339,3.3,12.2,7.6,30.5,3.4,1.9,19.0,18.2,,-0.1,0.5,0.4,.031,,-2.8,1.2,-1.7,0.1,smithde03
511,Ish Smith,PG,33,TOT,65,1126,12.5,.465,.156,.056,2.4,11.1,6.8,31.5,2.0,1.8,15.0,20.1,,-0.3,0.9,0.5,.023,,-2.2,-0.6,-2.9,-0.2,smithis01
512,Jalen Smith,PF,21,TOT,51,924,18.4,.595,.349,.291,12.0,24.5,18.2,3.9,0.8,3.9,9.6,20.3,,1.7,1.1,2.8,.145,,0.9,-1.4,-0.5,0.3,smithja04
513,Xavier Sneed,SF,24,TOT,9,39,0.4,.250,.800,.000,5.5,10.9,8.3,3.3,0.0,0.0,0.0,11.0,,-0.1,0.0,0.0,-0.056,,-6.9,-3.7,-10.6,-0.1,sneedxa01
514,Tony Snell,SG,30,TOT,53,822,6.3,.541,.749,.023,2.1,12.0,6.9,4.7,1.0,1.1,9.9,10.1,,0.2,0.2,0.4,.023,,-3.4,-0.8,-4.2,-0.5,snellto01
515,Jaden Springer,SG,19,PHI,2,6,26.4,1.000,.000,.000,18.9,18.3,18.6,0.0,0.0,30.0,50.0,15.0,,0.0,0.0,0.0,.138,,8.3,8.7,17.1,0.0,sprinja01
516,Cassius Stanley,SG,22,DET,9,155,8.0,.516,.370,.217,3.3,10.3,6.6,3.9,1.6,1.2,10.6,15.6,,0.0,0.1,0.1,.021,,-4.9,-1.0,-5.8,-0.2,stanlca01
517,Nik Stauskas,SG,28,TOT,8,39,10.5,.541,.714,.429,3.0,5.7,4.4,7.3,0.0,0.0,5.7,20.0,,0.0,0.0,0.1,.078,,-0.9,-2.7,-3.6,0.0,stausni01
518,Lance Stephenson,PG-SG,31,TOT,46,814,13.6,.536,.279,.248,1.6,16.0,8.7,30.2,1.4,0.4,16.7,22.6,,0.4,0.4,0.8,.048,,-1.6,-1.6,-3.2,-0.2,stephla01
519,Lamar Stevens,PF,24,CLE,63,1015,11.3,.544,.204,.235,5.2,12.5,8.9,6.5,1.5,1.6,10.4,17.1,,0.4,1.2,1.6,.078,,-3.2,0.3,-2.9,-0.2,stevela01
520,Isaiah Stewart,C,20,DET,71,1816,14.0,.550,.094,.210,12.8,24.5,18.4,6.9,0.6,3.9,13.7,14.6,,1.6,1.8,3.4,.091,,-2.5,-0.8,-3.3,-0.6,stewais01
521,Max Strus,SF,25,MIA,68,1587,12.7,.614,.784,.094,1.7,12.5,7.2,8.8,0.9,1.1,8.8,18.1,,2.0,1.7,3.6,.110,,1.4,-0.4,0.9,1.2,strusma01
522,Jalen Suggs,PG,20,ORL,48,1307,8.6,.455,.358,.297,2.1,11.7,6.9,24.9,2.2,1.3,18.7,25.3,,-3.0,1.3,-1.6,-0.060,,-5.3,-0.2,-5.6,-1.2,suggsja01
523,Craig Sword,SG,28,WAS,3,19,14.2,.750,.250,.000,0.0,0.0,0.0,7.7,10.4,0.0,20.0,11.7,,0.0,0.0,0.1,.158,,-8.6,10.0,1.4,0.0,swordcr01
524,Keifer Sykes,PG,28,IND,32,566,5.9,.456,.474,.089,1.5,7.4,4.4,14.9,1.0,0.6,14.3,17.4,,-0.5,0.1,-0.5,-0.040,,-4.4,-2.4,-6.9,-0.7,sykeske01
525,Jae'Sean Tate,PF,26,HOU,78,2056,14.3,.567,.277,.252,7.2,15.3,11.2,16.9,1.7,1.8,14.6,19.6,,1.9,1.1,3.0,.071,,-1.3,-0.5,-1.8,0.1,tateja01
526,Jayson Tatum,SF,23,BOS,76,2731,21.8,.578,.416,.300,3.5,20.2,12.1,21.1,1.4,1.6,10.9,32.1,,5.0,4.6,9.6,.169,,4.3,0.6,5.0,4.8,tatumja01
527,Terry Taylor,PF,22,IND,33,714,19.0,.656,.173,.232,14.6,12.2,13.4,8.6,1.0,1.0,8.7,15.9,,2.2,0.2,2.4,.160,,2.1,-2.8,-0.6,0.2,taylote01
528,Garrett Temple,SG,35,NOP,59,1098,8.6,.494,.627,.139,2.9,11.8,7.2,9.2,1.9,2.0,11.8,13.9,,-0.1,1.0,0.8,.037,,-2.8,0.3,-2.5,-0.1,templga01
529,Emanuel Terry,PF,25,PHO,3,18,-0.1,.000,.000,.000,48.9,40.6,44.7,12.2,2.7,0.0,50.0,23.9,,-0.1,0.0,-0.1,-0.256,,-13.0,-5.3,-18.3,-0.1,terryem01
530,Tyrell Terry,PG,21,MEM,2,3,20.0,1.000,.000,.000,0.0,0.0,0.0,0.0,0.0,0.0,0.0,13.7,,0.0,0.0,0.0,.222,,-3.4,2.5,-1.0,0.0,terryty01
531,Jon Teske,C,24,MEM,3,8,1.5,.000,.000,2.000,0.0,26.8,13.1,13.8,6.0,0.0,0.0,9.6,,0.0,0.0,0.0,-0.080,,-8.5,3.7,-4.8,0.0,teskejo01
532,Daniel Theis,C,29,TOT,47,977,13.2,.595,.368,.247,6.6,18.8,12.7,6.3,1.0,2.9,12.5,16.2,,0.9,1.0,1.9,.093,,-1.9,-0.2,-2.1,0.0,theisda01
533,Brodric Thomas,SG,25,BOS,12,60,10.0,.520,.500,.278,3.7,14.1,9.0,26.0,0.8,1.5,22.9,19.2,,0.0,0.1,0.1,.052,,-3.6,0.8,-2.8,0.0,thomabr01
534,Cam Thomas,SG,20,BRK,67,1176,11.7,.519,.346,.209,1.5,13.1,7.5,9.7,1.4,0.6,9.1,22.1,,0.0,0.8,0.8,.033,,-2.0,-1.4,-3.4,-0.4,thomaca02
535,Isaiah Thomas,PG,32,TOT,22,333,12.0,.516,.497,.156,1.3,8.1,4.6,15.7,1.0,1.4,7.8,24.8,,0.0,0.1,0.2,.026,,-1.9,-2.6,-4.5,-0.2,thomais02
536,Matt Thomas,SG,27,CHI,40,459,9.9,.564,.679,.149,0.7,11.5,6.1,5.8,0.9,0.6,5.3,14.5,,0.3,0.2,0.6,.058,,-1.2,-1.5,-2.6,-0.1,thomama02
537,Klay Thompson,SG,31,GSW,32,941,16.7,.547,.517,.089,1.8,12.4,7.3,16.1,0.8,1.7,6.7,29.6,,0.6,1.2,1.8,.091,,2.6,-1.6,1.1,0.7,thompkl01
538,Tristan Thompson,C,30,TOT,57,896,14.9,.541,.011,.434,14.7,20.8,17.7,5.5,1.2,2.0,12.4,17.5,,0.9,0.8,1.6,.087,,-1.6,-1.5,-3.1,-0.3,thomptr01
539,JT Thor,PF,19,CHO,33,262,9.7,.525,.491,.364,4.4,13.1,8.7,9.2,1.5,4.0,13.6,12.0,,0.1,0.2,0.3,.058,,-3.1,0.1,-3.0,-0.1,thorjt01
540,Matisse Thybulle,SG,24,PHI,66,1685,11.2,.594,.480,.143,2.8,7.1,5.0,6.1,3.4,3.8,10.9,9.5,,1.2,2.5,3.7,.107,,-2.2,3.3,1.1,1.3,thybuma01
541,Killian Tillie,C,23,MEM,36,461,7.6,.452,.677,.063,4.7,9.1,6.8,5.9,2.4,2.9,9.1,12.8,,-0.1,0.6,0.6,.058,,-3.8,1.1,-2.7,-0.1,tilliki02
542,Xavier Tillman Sr.,PF,23,MEM,53,701,15.1,.510,.227,.329,9.6,14.5,12.0,11.6,3.3,1.9,12.1,16.4,,0.6,1.2,1.8,.121,,-1.1,1.8,0.7,0.5,tillmxa01
543,Isaiah Todd,PF,20,WAS,12,74,4.7,.349,.615,.231,4.6,13.3,9.0,7.3,2.7,2.3,12.3,19.6,,-0.2,0.1,-0.2,-0.104,,-5.7,-1.2,-6.9,-0.1,toddis01
544,Obi Toppin,PF,23,NYK,72,1230,18.3,.614,.357,.262,5.9,17.7,11.7,10.9,1.0,2.6,9.6,20.8,,2.5,1.5,3.9,.153,,1.7,0.3,2.0,1.2,toppiob01
545,Juan Toscano-Anderson,SF,28,GSW,73,994,11.0,.561,.370,.298,3.2,15.8,9.7,17.6,2.4,1.6,20.4,14.7,,0.3,1.8,2.0,.098,,-3.3,2.4,-0.8,0.3,toscaju01
546,Karl-Anthony Towns,C,26,MIN,74,2476,24.1,.640,.301,.385,8.2,23.6,15.7,18.0,1.4,3.2,13.7,27.8,,7.1,3.2,10.3,.199,,4.5,0.5,5.0,4.4,townska01
547,Gary Trent Jr.,SG,23,TOR,70,2448,14.7,.546,.502,.188,1.1,7.7,4.2,8.8,2.5,0.8,5.8,21.8,,3.1,2.5,5.6,.110,,-0.1,0.3,0.2,1.3,trentga02
548,P.J. Tucker,PF,36,MIA,71,1981,11.3,.593,.451,.143,5.8,16.2,11.1,10.6,1.5,0.8,12.7,11.7,,2.4,2.6,5.0,.121,,-0.8,1.4,0.6,1.3,tuckepj01
549,Rayjon Tucker,SG,24,TOT,5,71,17.7,.869,.556,.778,4.7,7.5,6.1,18.1,2.7,0.0,7.6,7.9,,0.3,0.1,0.4,.243,,2.3,1.2,3.5,0.1,tuckera01
550,Myles Turner,C,25,IND,42,1235,17.4,.615,.466,.267,5.8,21.3,13.4,5.1,1.1,8.3,10.9,17.1,,1.7,1.4,3.1,.120,,0.1,1.4,1.4,1.1,turnemy01
551,Jonas Valančiūnas,C,29,NOP,74,2240,21.2,.617,.168,.308,10.9,31.2,20.8,14.0,0.9,2.6,14.4,23.8,,4.6,2.7,7.3,.156,,2.0,-0.1,1.9,2.2,valanjo01
552,Denzel Valentine,SG,28,TOT,24,222,8.1,.523,.712,.000,4.6,16.1,10.4,7.0,1.8,0.0,15.4,15.5,,-0.1,0.3,0.2,.039,,-3.1,0.4,-2.7,0.0,valende01
553,Jarred Vanderbilt,PF,22,MIN,74,1880,15.3,.612,.039,.363,12.0,23.9,17.8,6.7,2.5,2.4,14.8,10.9,,3.1,2.9,6.0,.153,,-0.8,1.0,0.2,1.1,vandeja01
554,Fred VanVleet,PG,27,TOR,65,2462,17.3,.552,.585,.202,1.8,11.4,6.4,26.7,2.3,1.4,12.5,23.7,,3.9,2.8,6.7,.131,,3.1,0.5,3.6,3.5,vanvlfr01
555,Devin Vassell,SF,21,SAS,71,1937,13.3,.540,.497,.130,2.4,14.3,8.3,9.7,1.9,1.8,6.7,18.9,,1.3,2.0,3.3,.082,,-0.5,0.0,-0.5,0.7,vassede01
556,Gabe Vincent,PG,25,MIA,68,1589,10.6,.551,.630,.105,1.6,7.3,4.5,19.4,2.0,0.8,15.4,17.8,,0.7,1.9,2.5,.076,,-1.9,0.5,-1.4,0.2,vincega01
557,Nikola Vučević,C,31,CHI,73,2418,18.2,.533,.287,.105,6.6,30.7,18.7,15.2,1.4,2.5,10.1,24.5,,1.4,3.2,4.5,.090,,0.8,0.1,0.9,1.8,vucevni01
558,Dean Wade,PF,25,CLE,51,980,10.1,.584,.654,.138,3.6,13.1,8.5,7.3,1.5,0.6,6.5,11.1,,1.1,1.1,2.3,.111,,-1.9,1.3,-0.6,0.4,wadede01
559,Franz Wagner,SF,20,ORL,79,2429,14.7,.559,.278,.225,3.6,11.9,7.7,15.7,1.4,1.3,10.0,21.2,,2.1,1.9,4.0,.079,,-0.4,-0.3,-0.7,0.8,wagnefr01
560,Moritz Wagner,C,24,ORL,63,960,18.1,.623,.508,.326,4.6,21.0,12.8,15.4,1.0,1.2,11.0,22.9,,1.8,1.0,2.8,.138,,1.5,0.1,1.6,0.9,wagnemo01
561,Ish Wainright,PF,27,PHO,45,359,9.4,.494,.567,.115,8.3,7.9,8.1,5.3,2.7,1.5,10.6,14.7,,0.0,0.6,0.6,.079,,-3.0,1.0,-2.0,0.0,wainris01
562,Kemba Walker,PG,31,NYK,37,948,13.9,.537,.538,.192,1.6,11.2,6.3,22.2,1.4,0.7,10.7,20.8,,1.0,0.9,1.8,.093,,0.7,-0.2,0.4,0.6,walkeke02
563,Lonnie Walker IV,SG,23,SAS,70,1612,12.3,.512,.462,.194,1.2,10.7,5.9,13.4,1.3,1.0,7.9,23.6,,0.1,1.1,1.2,.037,,-1.2,-1.3,-2.5,-0.2,walkelo01
564,M.J. Walker,SG,23,PHO,2,8,-3.3,.000,.500,.000,0.0,13.1,6.7,13.8,12.0,0.0,0.0,21.5,,-0.1,0.0,0.0,-0.276,,-15.8,6.2,-9.6,0.0,walkemj01
565,Tyrone Wallace,SG,27,NOP,6,75,2.5,.383,.400,.250,0.0,12.1,5.9,1.8,2.0,1.3,8.3,13.9,,-0.2,0.1,-0.1,-0.057,,-7.7,-0.6,-8.2,-0.1,wallaty01
566,Derrick Walton,PG,26,DET,3,108,5.9,.342,.500,.154,1.9,8.4,5.0,26.4,3.2,3.3,28.4,15.4,,-0.3,0.1,-0.2,-0.071,,-5.3,1.0,-4.3,-0.1,waltode01
567,Brad Wanamaker,PG,32,TOT,23,320,7.5,.472,.221,.325,2.1,11.6,6.8,22.4,1.1,1.6,20.7,14.9,,-0.1,0.1,0.0,.004,,-5.3,-0.5,-5.8,-0.3,wanambr01
568,Duane Washington Jr.,PG,21,IND,48,968,10.2,.521,.504,.143,0.5,9.3,4.8,13.0,1.3,0.3,11.2,22.6,,-0.2,0.2,0.0,-0.002,,-1.9,-2.8,-4.7,-0.7,washidu02
569,P.J. Washington,C,23,CHO,65,1768,13.6,.588,.566,.152,4.8,15.5,10.1,11.2,1.5,3.3,12.6,15.6,,1.8,1.6,3.4,.091,,-0.2,0.2,-0.1,0.9,washipj01
570,Yuta Watanabe,SF,27,TOR,38,445,11.5,.524,.572,.290,4.2,19.0,11.2,6.6,1.2,3.5,10.9,16.8,,0.1,0.6,0.7,.075,,-1.9,0.0,-2.0,0.0,watanyu01
571,Lindy Waters III,SG,24,OKC,25,465,13.0,.562,.834,.029,1.3,15.0,8.1,8.1,2.0,1.6,5.8,17.5,,0.3,0.5,0.8,.081,,-0.8,-0.8,-1.6,0.1,waterli01
572,Tremont Waters,PG,24,TOT,3,50,5.4,.357,.643,.000,0.0,9.2,4.3,18.2,5.0,0.0,22.2,15.5,,-0.1,0.1,0.0,-0.042,,-7.8,0.1,-7.7,-0.1,watertr01
573,Trendon Watford,SF,21,POR,48,869,15.8,.590,.142,.352,7.0,18.6,12.6,14.6,1.4,3.2,12.5,17.6,,1.4,0.5,1.9,.104,,-1.4,-0.4,-1.7,0.1,watfotr01
574,Paul Watson,SF,27,OKC,9,156,5.7,.432,.743,.057,1.9,16.1,8.9,7.2,0.9,1.8,10.0,11.0,,-0.1,0.1,0.0,.001,,-4.8,-0.6,-5.4,-0.1,watsopa01
575,Quinndary Weatherspoon,SG,25,GSW,11,73,12.0,.647,.238,.238,3.1,17.4,10.5,10.1,0.7,1.3,11.5,15.7,,0.1,0.1,0.2,.148,,-4.5,0.1,-4.4,0.0,weathqu01
576,Russell Westbrook,PG,33,LAL,78,2678,15.0,.512,.215,.324,4.4,18.8,11.6,31.6,1.3,0.7,17.3,27.3,,-0.6,2.3,1.7,.030,,-0.7,-0.9,-1.6,0.2,westbru01
577,Coby White,PG,21,CHI,61,1675,12.6,.564,.548,.141,1.1,11.0,6.1,15.0,0.8,0.6,9.3,19.8,,1.6,0.8,2.4,.067,,-0.4,-1.7,-2.1,0.0,whiteco01
578,Derrick White,SG,27,TOT,75,2199,14.8,.549,.461,.294,1.8,10.7,6.3,22.9,1.4,2.3,11.6,19.9,,2.8,2.3,5.1,.111,,0.4,0.6,0.9,1.6,whitede01
579,Hassan Whiteside,C,32,UTA,65,1162,22.9,.662,.000,.506,16.2,29.9,23.3,3.4,0.9,7.8,11.6,17.1,,3.4,2.3,5.8,.238,,0.6,1.4,2.1,1.2,whiteha01
580,Joe Wieskamp,SG,22,SAS,29,205,7.1,.494,.768,.232,2.0,5.2,3.6,5.5,0.9,1.2,3.1,13.1,,0.1,0.1,0.1,.035,,-2.9,-1.1,-3.9,-0.1,wieskjo01
581,Aaron Wiggins,SG,23,OKC,50,1209,10.3,.556,.409,.252,4.3,11.0,7.6,8.5,1.2,0.8,12.6,15.3,,0.5,0.8,1.2,.048,,-3.4,-0.9,-4.3,-0.7,wiggiaa01
582,Andrew Wiggins,SF,26,GSW,73,2330,15.0,.560,.392,.231,4.1,10.9,7.6,10.8,1.6,2.1,9.0,23.1,,1.8,3.4,5.1,.105,,0.3,0.1,0.4,1.4,wiggian01
583,Lindell Wigginton,PG,23,MIL,19,199,10.2,.524,.426,.574,1.6,11.5,6.7,15.7,1.2,0.5,13.6,19.0,,0.0,0.1,0.2,.044,,-3.2,-1.9,-5.0,-0.2,wiggili01
584,Brandon Williams,PG,22,POR,24,640,11.0,.476,.376,.344,3.1,9.8,6.4,23.1,1.8,1.5,15.2,25.9,,-0.7,0.2,-0.5,-0.037,,-2.6,-3.1,-5.7,-0.6,willibr03
585,Grant Williams,PF,23,BOS,77,1875,11.2,.635,.597,.220,3.8,11.8,7.9,5.7,1.0,2.8,11.6,12.6,,2.4,2.6,5.1,.130,,-1.4,1.1,-0.4,0.8,willigr01
586,Kenrich Williams,SF,27,OKC,49,1072,13.3,.532,.382,.174,7.1,14.1,10.5,15.3,2.0,0.9,11.9,15.6,,0.8,1.0,1.8,.081,,-1.3,1.1,-0.3,0.5,willike04
587,Lou Williams,PG,35,ATL,56,799,12.1,.500,.319,.244,2.2,9.7,6.0,18.6,1.7,0.3,10.8,21.7,,0.2,0.4,0.6,.034,,-2.0,-1.4,-3.4,-0.3,willilo02
588,Patrick Williams,PF,20,CHI,17,422,12.7,.637,.284,.402,4.6,13.8,9.2,4.8,1.0,1.8,11.8,14.2,,0.6,0.3,0.9,.099,,-0.9,-0.7,-1.5,0.0,willipa01
589,Robert Williams,C,24,BOS,61,1804,22.1,.745,.003,.245,14.6,20.5,17.6,9.7,1.5,6.8,13.4,11.5,,6.0,3.9,9.9,.262,,2.4,3.1,5.5,3.4,williro04
590,Ziaire Williams,SF,20,MEM,62,1346,9.7,.559,.571,.130,2.0,8.2,5.0,6.3,1.2,0.8,8.4,14.9,,1.1,1.1,2.2,.080,,-2.4,-0.6,-3.0,-0.3,willizi02
591,D.J. Wilson,PF,25,TOR,4,54,27.9,.773,.133,.667,1.9,31.8,16.1,14.6,4.6,1.8,9.3,17.0,,0.2,0.1,0.4,.328,,1.8,3.2,5.0,0.1,wilsodj01
592,Dylan Windler,SF,25,CLE,50,459,8.8,.519,.714,.184,5.2,16.0,10.7,10.0,1.5,0.6,13.1,11.8,,0.2,0.6,0.8,.084,,-3.0,1.2,-1.7,0.0,windldy01
593,Justise Winslow,PF,25,TOT,48,775,13.1,.479,.257,.257,7.0,20.9,14.0,16.1,2.2,2.9,14.6,18.9,,-0.3,1.1,0.8,.048,,-2.7,1.0,-1.7,0.1,winslju01
594,Cassius Winston,PG,23,WAS,7,39,6.0,.549,.545,.364,0.0,2.8,1.4,24.4,0.0,0.0,19.0,18.0,,0.0,0.0,0.0,.015,,-5.9,-3.5,-9.3,-0.1,winstca01
595,Christian Wood,C,26,HOU,68,2094,19.1,.595,.383,.378,5.7,30.4,18.0,12.2,1.2,2.8,11.0,23.3,,2.9,2.0,4.9,.112,,2.1,-0.4,1.6,1.9,woodch01
596,Robert Woodard II,SF,22,SAC,12,42,2.1,.207,.250,.125,12.8,15.7,14.3,9.0,1.1,2.1,5.6,18.3,,-0.2,0.0,-0.1,-0.147,,-6.8,-3.6,-10.4,-0.1,woodaro01
597,Delon Wright,SG,29,ATL,77,1452,13.8,.576,.431,.234,3.8,12.7,8.3,16.6,3.1,1.2,13.2,10.3,,2.2,1.5,3.6,.121,,-0.2,2.4,2.2,1.6,wrighde01
598,McKinley Wright IV,PG,23,MIN,5,19,9.5,.833,.667,.000,0.0,0.0,0.0,20.9,0.0,0.0,25.0,8.8,,0.0,0.0,0.0,.092,,-1.4,-2.8,-4.2,0.0,wrighmc01
599,Moses Wright,PF,23,TOT,4,15,18.3,.470,.250,.750,7.9,15.9,11.9,16.8,0.0,6.5,0.0,17.1,,0.0,0.0,0.1,.168,,1.1,0.4,1.4,0.0,wrighmo01
600,Gabe York,SG,28,IND,2,21,12.7,.435,.857,.714,0.0,10.8,5.3,25.1,4.7,4.1,9.8,20.8,,0.0,0.0,0.0,.059,,-3.7,2.2,-1.5,0.0,yorkga01
601,Thaddeus Young,PF,33,TOT,52,845,17.0,.548,.176,.180,9.8,16.8,13.1,17.7,3.1,2.0,15.0,17.4,,0.9,1.3,2.2,.126,,0.1,2.1,2.2,0.9,youngth01
602,Trae Young,PG,23,ATL,76,2652,25.4,.603,.395,.358,2.1,9.6,5.9,46.7,1.3,0.2,14.5,34.4,,9.0,1.0,10.0,.181,,7.1,-2.0,5.2,4.8,youngtr01
603,Omer Yurtseven,C,23,MIA,56,706,17.4,.546,.045,.247,13.9,33.0,23.6,11.0,1.2,3.0,13.0,19.9,,0.8,1.4,2.1,.145,,-1.4,0.4,-1.0,0.2,yurtsom01
604,Cody Zeller,C,29,POR,27,355,17.2,.627,.044,.544,14.9,24.1,19.3,9.4,1.1,1.7,14.6,15.9,,0.9,0.2,1.1,.143,,-1.2,-1.0,-2.1,0.0,zelleco01
605,Ivica Zubac,C,24,LAC,76,1852,19.2,.660,.000,.459,12.8,23.7,18.4,9.8,1.0,3.5,16.1,16.8,,4.3,2.9,7.2,.187,,-0.1,0.8,0.7,1.3,zubaciv01